Date,Day,Month,Year,PM
2/1/2013,1,Jan,2013,12
3/1/2013,2,Jan,2013,15
4/1/2013,3,Jan,2013,12
5/1/2013,4,Jan,2013,17
6/1/2013,5,Jan,2013,24
7/1/2013,6,Jan,2013,25
8/1/2013,7,Jan,2013,20
9/1/2013,8,Jan,2013,16
11/1/2013,9,Jan,2013,11
12/1/2013,10,Jan,2013,16
13/1/2013,11,Jan,2013,17
14/1/2013,12,Jan,2013,20
15/1/2013,13,Jan,2013,21
16/1/2013,14,Jan,2013,28
17/1/2013,15,Jan,2013,23
18/1/2013,16,Jan,2013,20
19/1/2013,17,Jan,2013,29
20/1/2013,18,Jan,2013,19
21/1/2013,19,Jan,2013,18
22/1/2013,20,Jan,2013,9
23/1/2013,21,Jan,2013,13
24/1/2013,22,Jan,2013,15
25/1/2013,23,Jan,2013,18
26/1/2013,24,Jan,2013,13
27/1/2013,25,Jan,2013,14
28/1/2013,26,Jan,2013,17
29/1/2013,27,Jan,2013,18
30/1/2013,28,Jan,2013,18
31/1/2013,29,Jan,2013,13
1/2/2013,30,Feb,2013,12
2/2/2013,31,Feb,2013,11
3/2/2013,32,Feb,2013,12
4/2/2013,33,Feb,2013,12
5/2/2013,34,Feb,2013,12
6/2/2013,35,Feb,2013,13
7/2/2013,36,Feb,2013,19
8/2/2013,37,Feb,2013,16
9/2/2013,38,Feb,2013,12
10/2/2013,39,Feb,2013,12
11/2/2013,40,Feb,2013,13
12/2/2013,41,Feb,2013,9
13/2/2013,42,Feb,2013,14
14/2/2013,43,Feb,2013,12
15/2/2013,44,Feb,2013,11
16/2/2013,45,Feb,2013,12
17/2/2013,46,Feb,2013,13
18/2/2013,47,Feb,2013,15
19/2/2013,48,Feb,2013,20
20/2/2013,49,Feb,2013,18
21/2/2013,50,Feb,2013,17
22/2/2013,51,Feb,2013,24
23/2/2013,52,Feb,2013,19
24/2/2013,53,Feb,2013,15
25/2/2013,54,Feb,2013,9
26/2/2013,55,Feb,2013,8
27/2/2013,56,Feb,2013,10
28/2/2013,57,Feb,2013,10
1/3/2013,58,Mar,2013,10
2/3/2013,59,Mar,2013,10
3/3/2013,60,Mar,2013,11
4/3/2013,61,Mar,2013,15
5/3/2013,62,Mar,2013,21
6/3/2013,63,Mar,2013,19
7/3/2013,64,Mar,2013,18
8/3/2013,65,Mar,2013,18
9/3/2013,66,Mar,2013,24
10/3/2013,67,Mar,2013,26
11/3/2013,68,Mar,2013,28
12/3/2013,69,Mar,2013,26
13/3/2013,70,Mar,2013,23
14/3/2013,71,Mar,2013,23
15/3/2013,72,Mar,2013,15
16/3/2013,73,Mar,2013,11
18/3/2013,74,Mar,2013,16
19/3/2013,75,Mar,2013,18
20/3/2013,76,Mar,2013,22
21/3/2013,77,Mar,2013,17
22/3/2013,78,Mar,2013,15
23/3/2013,79,Mar,2013,14
24/3/2013,80,Mar,2013,18
25/3/2013,81,Mar,2013,23
26/3/2013,82,Mar,2013,25
27/3/2013,83,Mar,2013,25
28/3/2013,84,Mar,2013,25
29/3/2013,85,Mar,2013,22
30/3/2013,86,Mar,2013,18
31/3/2013,87,Mar,2013,21
1/4/2013,88,Apr,2013,15
2/4/2013,89,Apr,2013,10
3/4/2013,90,Apr,2013,15
4/4/2013,91,Apr,2013,29
5/4/2013,92,Apr,2013,23
6/4/2013,93,Apr,2013,36
7/4/2013,94,Apr,2013,46
8/4/2013,95,Apr,2013,49
9/4/2013,96,Apr,2013,42
10/4/2013,97,Apr,2013,35
11/4/2013,98,Apr,2013,21
15/4/2013,99,Apr,2013,9
16/4/2013,100,Apr,2013,16
17/4/2013,101,Apr,2013,13
18/4/2013,102,Apr,2013,17
19/4/2013,103,Apr,2013,21
20/4/2013,104,Apr,2013,24
21/4/2013,105,Apr,2013,28
22/4/2013,106,Apr,2013,21
23/4/2013,107,Apr,2013,23
24/4/2013,108,Apr,2013,28
25/4/2013,109,Apr,2013,22
26/4/2013,110,Apr,2013,22
27/4/2013,111,Apr,2013,20
28/4/2013,112,Apr,2013,14
29/4/2013,113,Apr,2013,18
30/4/2013,114,Apr,2013,23
1/5/2013,115,May,2013,18
2/5/2013,116,May,2013,13
3/5/2013,117,May,2013,14
4/5/2013,118,May,2013,15
5/5/2013,119,May,2013,25
6/5/2013,120,May,2013,11
7/5/2013,121,May,2013,16
8/5/2013,122,May,2013,22
9/5/2013,123,May,2013,18
10/5/2013,124,May,2013,17
12/5/2013,125,May,2013,19
13/5/2013,126,May,2013,22
14/5/2013,127,May,2013,20
15/5/2013,128,May,2013,19
16/5/2013,129,May,2013,20
17/5/2013,130,May,2013,17
18/5/2013,131,May,2013,12
19/5/2013,132,May,2013,21
20/5/2013,133,May,2013,17
21/5/2013,134,May,2013,27
22/5/2013,135,May,2013,13
23/5/2013,136,May,2013,19
24/5/2013,137,May,2013,26
25/5/2013,138,May,2013,14
26/5/2013,139,May,2013,12
27/5/2013,140,May,2013,13
28/5/2013,141,May,2013,12
29/5/2013,142,May,2013,18
30/5/2013,143,May,2013,16
31/5/2013,144,May,2013,22
1/6/2013,145,Jun,2013,23
2/6/2013,146,Jun,2013,17
3/6/2013,147,Jun,2013,13
4/6/2013,148,Jun,2013,14
5/6/2013,149,Jun,2013,15
6/6/2013,150,Jun,2013,13
7/6/2013,151,Jun,2013,19
8/6/2013,152,Jun,2013,14
9/6/2013,153,Jun,2013,11
10/6/2013,154,Jun,2013,10
11/6/2013,155,Jun,2013,11
12/6/2013,156,Jun,2013,17
13/6/2013,157,Jun,2013,19
14/6/2013,158,Jun,2013,23
15/6/2013,159,Jun,2013,21
16/6/2013,160,Jun,2013,25
17/6/2013,161,Jun,2013,15
18/6/2013,162,Jun,2013,18
19/6/2013,163,Jun,2013,12
20/6/2013,164,Jun,2013,24
21/6/2013,165,Jun,2013,27
22/6/2013,166,Jun,2013,31
23/6/2013,167,Jun,2013,40
24/6/2013,168,Jun,2013,38
25/6/2013,169,Jun,2013,36
26/6/2013,170,Jun,2013,33
4/7/2013,171,Jul,2013,8
5/7/2013,172,Jul,2013,15
6/7/2013,173,Jul,2013,22
7/7/2013,174,Jul,2013,20
8/7/2013,175,Jul,2013,27
9/7/2013,176,Jul,2013,22
10/7/2013,177,Jul,2013,14
11/7/2013,178,Jul,2013,16
12/7/2013,179,Jul,2013,21
13/7/2013,180,Jul,2013,16
14/7/2013,181,Jul,2013,14
15/7/2013,182,Jul,2013,22
16/7/2013,183,Jul,2013,22
17/7/2013,184,Jul,2013,13
18/7/2013,185,Jul,2013,10
19/7/2013,186,Jul,2013,23
20/7/2013,187,Jul,2013,30
21/7/2013,188,Jul,2013,30
22/7/2013,189,Jul,2013,25
23/7/2013,190,Jul,2013,20
24/7/2013,191,Jul,2013,12
25/7/2013,192,Jul,2013,14
26/7/2013,193,Jul,2013,21
27/7/2013,194,Jul,2013,21
28/7/2013,195,Jul,2013,16
29/7/2013,196,Jul,2013,14
30/7/2013,197,Jul,2013,18
31/7/2013,198,Jul,2013,18
1/8/2013,199,Aug,2013,11
2/8/2013,200,Aug,2013,9
3/8/2013,201,Aug,2013,15
4/8/2013,202,Aug,2013,16
5/8/2013,203,Aug,2013,13
6/8/2013,204,Aug,2013,9
7/8/2013,205,Aug,2013,15
8/8/2013,206,Aug,2013,24
9/8/2013,207,Aug,2013,11
10/8/2013,208,Aug,2013,16
11/8/2013,209,Aug,2013,13
12/8/2013,210,Aug,2013,13
13/8/2013,211,Aug,2013,12
14/8/2013,212,Aug,2013,21
15/8/2013,213,Aug,2013,26
16/8/2013,214,Aug,2013,27
17/8/2013,215,Aug,2013,12
18/8/2013,216,Aug,2013,13
19/8/2013,217,Aug,2013,10
20/8/2013,218,Aug,2013,12
21/8/2013,219,Aug,2013,22
22/8/2013,220,Aug,2013,20
23/8/2013,221,Aug,2013,20
24/8/2013,222,Aug,2013,24
25/8/2013,223,Aug,2013,23
26/8/2013,224,Aug,2013,38
27/8/2013,225,Aug,2013,35
28/8/2013,226,Aug,2013,51
29/8/2013,227,Aug,2013,26
30/8/2013,228,Aug,2013,13
31/8/2013,229,Aug,2013,12
1/9/2013,230,Sep,2013,13
2/9/2013,231,Sep,2013,16
4/9/2013,232,Sep,2013,17
5/9/2013,233,Sep,2013,10
6/9/2013,234,Sep,2013,9
7/9/2013,235,Sep,2013,13
8/9/2013,236,Sep,2013,10
9/9/2013,237,Sep,2013,11
10/9/2013,238,Sep,2013,13
11/9/2013,239,Sep,2013,9
12/9/2013,240,Sep,2013,17
13/9/2013,241,Sep,2013,18
14/9/2013,242,Sep,2013,20
15/9/2013,243,Sep,2013,22
16/9/2013,244,Sep,2013,23
17/9/2013,245,Sep,2013,24
18/9/2013,246,Sep,2013,22
19/9/2013,247,Sep,2013,10
20/9/2013,248,Sep,2013,16
21/9/2013,249,Sep,2013,24
22/9/2013,250,Sep,2013,26
23/9/2013,251,Sep,2013,18
24/9/2013,252,Sep,2013,20
25/9/2013,253,Sep,2013,14
26/9/2013,254,Sep,2013,16
27/9/2013,255,Sep,2013,11
28/9/2013,256,Sep,2013,14
29/9/2013,257,Sep,2013,9
30/9/2013,258,Sep,2013,14
1/10/2013,259,Oct,2013,15
2/10/2013,260,Oct,2013,18
3/10/2013,261,Oct,2013,14
4/10/2013,262,Oct,2013,12
6/10/2013,263,Oct,2013,10
7/10/2013,264,Oct,2013,10
8/10/2013,265,Oct,2013,12
9/10/2013,266,Oct,2013,21
10/10/2013,267,Oct,2013,32
11/10/2013,268,Oct,2013,32
12/10/2013,269,Oct,2013,32
13/10/2013,270,Oct,2013,30
14/10/2013,271,Oct,2013,36
15/10/2013,272,Oct,2013,34
16/10/2013,273,Oct,2013,34
17/10/2013,274,Oct,2013,32
18/10/2013,275,Oct,2013,37
19/10/2013,276,Oct,2013,35
20/10/2013,277,Oct,2013,30
21/10/2013,278,Oct,2013,30
23/10/2013,279,Oct,2013,26
24/10/2013,280,Oct,2013,26
25/10/2013,281,Oct,2013,30
26/10/2013,282,Oct,2013,32
27/10/2013,283,Oct,2013,28
28/10/2013,284,Oct,2013,31
29/10/2013,285,Oct,2013,39
30/10/2013,286,Oct,2013,38
31/10/2013,287,Oct,2013,36
1/11/2013,288,Nov,2013,30
2/11/2013,289,Nov,2013,30
3/11/2013,290,Nov,2013,29
4/11/2013,291,Nov,2013,38
5/11/2013,292,Nov,2013,41
6/11/2013,293,Nov,2013,37
7/11/2013,294,Nov,2013,47
8/11/2013,295,Nov,2013,35
9/11/2013,296,Nov,2013,35
10/11/2013,297,Nov,2013,34
11/11/2013,298,Nov,2013,39
12/11/2013,299,Nov,2013,32
13/11/2013,300,Nov,2013,32
14/11/2013,301,Nov,2013,34
15/11/2013,302,Nov,2013,34
16/11/2013,303,Nov,2013,32
17/11/2013,304,Nov,2013,25
18/11/2013,305,Nov,2013,24
19/11/2013,306,Nov,2013,29
20/11/2013,307,Nov,2013,25
21/11/2013,308,Nov,2013,23
22/11/2013,309,Nov,2013,25
23/11/2013,310,Nov,2013,31
24/11/2013,311,Nov,2013,26
25/11/2013,312,Nov,2013,25
26/11/2013,313,Nov,2013,21
27/11/2013,314,Nov,2013,12
29/11/2013,315,Nov,2013,7
30/11/2013,316,Nov,2013,17
1/12/2013,317,Dec,2013,15
2/12/2013,318,Dec,2013,15
3/12/2013,319,Dec,2013,15
4/12/2013,320,Dec,2013,17
5/12/2013,321,Dec,2013,11
6/12/2013,322,Dec,2013,15
7/12/2013,323,Dec,2013,17
8/12/2013,324,Dec,2013,20
9/12/2013,325,Dec,2013,19
10/12/2013,326,Dec,2013,18
11/12/2013,327,Dec,2013,20
12/12/2013,328,Dec,2013,26
13/12/2013,329,Dec,2013,29
14/12/2013,330,Dec,2013,19
15/12/2013,331,Dec,2013,8
16/12/2013,332,Dec,2013,10
17/12/2013,333,Dec,2013,10
18/12/2013,334,Dec,2013,10
19/12/2013,335,Dec,2013,12
20/12/2013,336,Dec,2013,11
21/12/2013,337,Dec,2013,13
22/12/2013,338,Dec,2013,14
23/12/2013,339,Dec,2013,20
24/12/2013,340,Dec,2013,18
25/12/2013,341,Dec,2013,18
26/12/2013,342,Dec,2013,20
27/12/2013,343,Dec,2013,29
28/12/2013,344,Dec,2013,35
29/12/2013,345,Dec,2013,39
30/12/2013,346,Dec,2013,38
31/12/2013,347,Dec,2013,39
1/1/2014,348,Jan,2014,29
2/1/2014,349,Jan,2014,25
3/1/2014,350,Jan,2014,27
4/1/2014,351,Jan,2014,34
5/1/2014,352,Jan,2014,31
6/1/2014,353,Jan,2014,20
7/1/2014,354,Jan,2014,28
8/1/2014,355,Jan,2014,35
9/1/2014,356,Jan,2014,19
10/1/2014,357,Jan,2014,13
11/1/2014,358,Jan,2014,17
12/1/2014,359,Jan,2014,12
13/1/2014,360,Jan,2014,14
14/1/2014,361,Jan,2014,14
15/1/2014,362,Jan,2014,17
16/1/2014,363,Jan,2014,25
17/1/2014,364,Jan,2014,23
18/1/2014,365,Jan,2014,18
19/1/2014,366,Jan,2014,15
20/1/2014,367,Jan,2014,21
21/1/2014,368,Jan,2014,31
22/1/2014,369,Jan,2014,23
23/1/2014,370,Jan,2014,43
24/1/2014,371,Jan,2014,45
25/1/2014,372,Jan,2014,30
26/1/2014,373,Jan,2014,32
27/1/2014,374,Jan,2014,27
28/1/2014,375,Jan,2014,20
29/1/2014,376,Jan,2014,13
30/1/2014,377,Jan,2014,15
31/1/2014,378,Jan,2014,17
1/2/2014,379,Feb,2014,26
2/2/2014,380,Feb,2014,28
3/2/2014,381,Feb,2014,34
4/2/2014,382,Feb,2014,38
5/2/2014,383,Feb,2014,28
6/2/2014,384,Feb,2014,24
7/2/2014,385,Feb,2014,17
8/2/2014,386,Feb,2014,22
9/2/2014,387,Feb,2014,26
10/2/2014,388,Feb,2014,26
11/2/2014,389,Feb,2014,24
12/2/2014,390,Feb,2014,20
13/2/2014,391,Feb,2014,18
14/2/2014,392,Feb,2014,14
15/2/2014,393,Feb,2014,21
16/2/2014,394,Feb,2014,16
17/2/2014,395,Feb,2014,15
3/7/2014,396,Jul,2014,19
4/7/2014,397,Jul,2014,17
5/7/2014,398,Jul,2014,17
6/7/2014,399,Jul,2014,18
7/7/2014,400,Jul,2014,9
8/7/2014,401,Jul,2014,11
9/7/2014,402,Jul,2014,13
10/7/2014,403,Jul,2014,15
11/7/2014,404,Jul,2014,12
12/7/2014,405,Jul,2014,16
13/7/2014,406,Jul,2014,25
14/7/2014,407,Jul,2014,32
15/7/2014,408,Jul,2014,25
16/7/2014,409,Jul,2014,15
17/7/2014,410,Jul,2014,19
18/7/2014,411,Jul,2014,22
19/7/2014,412,Jul,2014,36
20/7/2014,413,Jul,2014,48
21/7/2014,414,Jul,2014,38
22/7/2014,415,Jul,2014,32
23/7/2014,416,Jul,2014,24
24/7/2014,417,Jul,2014,33
25/7/2014,418,Jul,2014,24
26/7/2014,419,Jul,2014,18
27/7/2014,420,Jul,2014,15
28/7/2014,421,Jul,2014,25
29/7/2014,422,Jul,2014,14
30/7/2014,423,Jul,2014,18
31/7/2014,424,Jul,2014,19
1/8/2014,425,Aug,2014,23
2/8/2014,426,Aug,2014,20
3/8/2014,427,Aug,2014,23
4/8/2014,428,Aug,2014,36
5/8/2014,429,Aug,2014,27
6/8/2014,430,Aug,2014,14
7/8/2014,431,Aug,2014,19
8/8/2014,432,Aug,2014,21
9/8/2014,433,Aug,2014,18
10/8/2014,434,Aug,2014,13
11/8/2014,435,Aug,2014,17
12/8/2014,436,Aug,2014,19
13/8/2014,437,Aug,2014,18
14/8/2014,438,Aug,2014,21
15/8/2014,439,Aug,2014,21
16/8/2014,440,Aug,2014,14
17/8/2014,441,Aug,2014,22
18/8/2014,442,Aug,2014,15
19/8/2014,443,Aug,2014,28
20/8/2014,444,Aug,2014,19
21/8/2014,445,Aug,2014,15
22/8/2014,446,Aug,2014,11
23/8/2014,447,Aug,2014,19
24/8/2014,448,Aug,2014,16
25/8/2014,449,Aug,2014,22
26/8/2014,450,Aug,2014,14
27/8/2014,451,Aug,2014,9
28/8/2014,452,Aug,2014,14
29/8/2014,453,Aug,2014,29
30/8/2014,454,Aug,2014,25
31/8/2014,455,Aug,2014,20
1/9/2014,456,Sep,2014,21
2/9/2014,457,Sep,2014,35
3/9/2014,458,Sep,2014,24
4/9/2014,459,Sep,2014,26
5/9/2014,460,Sep,2014,18
6/9/2014,461,Sep,2014,25
7/9/2014,462,Sep,2014,22
8/9/2014,463,Sep,2014,21
9/9/2014,464,Sep,2014,15
10/9/2014,465,Sep,2014,17
11/9/2014,466,Sep,2014,13
12/9/2014,467,Sep,2014,15
13/9/2014,468,Sep,2014,15
14/9/2014,469,Sep,2014,12
15/9/2014,470,Sep,2014,8
16/9/2014,471,Sep,2014,20
17/9/2014,472,Sep,2014,27
18/9/2014,473,Sep,2014,34
19/9/2014,474,Sep,2014,29
20/9/2014,475,Sep,2014,29
21/9/2014,476,Sep,2014,19
22/9/2014,477,Sep,2014,21
23/9/2014,478,Sep,2014,17
24/9/2014,479,Sep,2014,29
25/9/2014,480,Sep,2014,27
26/9/2014,481,Sep,2014,27
27/9/2014,482,Sep,2014,32
28/9/2014,483,Sep,2014,34
29/9/2014,484,Sep,2014,24
30/9/2014,485,Sep,2014,11
1/10/2014,486,Oct,2014,23
2/10/2014,487,Oct,2014,20
3/10/2014,488,Oct,2014,17
4/10/2014,489,Oct,2014,19
5/10/2014,490,Oct,2014,12
6/10/2014,491,Oct,2014,15
7/10/2014,492,Oct,2014,17
8/10/2014,493,Oct,2014,37
9/10/2014,494,Oct,2014,24
10/10/2014,495,Oct,2014,20
11/10/2014,496,Oct,2014,23
12/10/2014,497,Oct,2014,29
13/10/2014,498,Oct,2014,19
14/10/2014,499,Oct,2014,18
15/10/2014,500,Oct,2014,11
16/10/2014,501,Oct,2014,17
18/10/2014,502,Oct,2014,23
20/10/2014,503,Oct,2014,30
21/10/2014,504,Oct,2014,21
22/10/2014,505,Oct,2014,28
23/10/2014,506,Oct,2014,19
24/10/2014,507,Oct,2014,17
25/10/2014,508,Oct,2014,21
26/10/2014,509,Oct,2014,15
27/10/2014,510,Oct,2014,18
28/10/2014,511,Oct,2014,24
29/10/2014,512,Oct,2014,23
30/10/2014,513,Oct,2014,16
31/10/2014,514,Oct,2014,15
1/11/2014,515,Nov,2014,16
2/11/2014,516,Nov,2014,16
3/11/2014,517,Nov,2014,28
4/11/2014,518,Nov,2014,34
5/11/2014,519,Nov,2014,14
6/11/2014,520,Nov,2014,13
7/11/2014,521,Nov,2014,20
8/11/2014,522,Nov,2014,10
9/11/2014,523,Nov,2014,8
10/11/2014,524,Nov,2014,11
11/11/2014,525,Nov,2014,17
12/11/2014,526,Nov,2014,13
14/11/2014,527,Nov,2014,10
15/11/2014,528,Nov,2014,11
16/11/2014,529,Nov,2014,10
17/11/2014,530,Nov,2014,14
18/11/2014,531,Nov,2014,7
19/11/2014,532,Nov,2014,9
20/11/2014,533,Nov,2014,11
21/11/2014,534,Nov,2014,12
30/11/2014,535,Nov,2014,16
1/12/2014,536,Dec,2014,16
2/12/2014,537,Dec,2014,24
3/12/2014,538,Dec,2014,26
4/12/2014,539,Dec,2014,17
5/12/2014,540,Dec,2014,22
6/12/2014,541,Dec,2014,12
7/12/2014,542,Dec,2014,17
8/12/2014,543,Dec,2014,7
9/12/2014,544,Dec,2014,10
10/12/2014,545,Dec,2014,7
11/12/2014,546,Dec,2014,15
12/12/2014,547,Dec,2014,16
13/12/2014,548,Dec,2014,9
14/12/2014,549,Dec,2014,4
16/12/2014,550,Dec,2014,13
17/12/2014,551,Dec,2014,12
18/12/2014,552,Dec,2014,14
19/12/2014,553,Dec,2014,11
20/12/2014,554,Dec,2014,7
21/12/2014,555,Dec,2014,11
22/12/2014,556,Dec,2014,10
23/12/2014,557,Dec,2014,12
24/12/2014,558,Dec,2014,12
25/12/2014,559,Dec,2014,8
26/12/2014,560,Dec,2014,6
27/12/2014,561,Dec,2014,7
28/12/2014,562,Dec,2014,9
29/12/2014,563,Dec,2014,8
30/12/2014,564,Dec,2014,10
31/12/2014,565,Dec,2014,19
1/1/2015,566,Jan,2015,26
2/1/2015,567,Jan,2015,20
3/1/2015,568,Jan,2015,22
4/1/2015,569,Jan,2015,22
5/1/2015,570,Jan,2015,20
6/1/2015,571,Jan,2015,15
7/1/2015,572,Jan,2015,10
8/1/2015,573,Jan,2015,10
9/1/2015,574,Jan,2015,10
10/1/2015,575,Jan,2015,12
11/1/2015,576,Jan,2015,10
12/1/2015,577,Jan,2015,11
13/1/2015,578,Jan,2015,12
14/1/2015,579,Jan,2015,9
15/1/2015,580,Jan,2015,12
16/1/2015,581,Jan,2015,28
17/1/2015,582,Jan,2015,31
18/1/2015,583,Jan,2015,15
19/1/2015,584,Jan,2015,20
20/1/2015,585,Jan,2015,20
21/1/2015,586,Jan,2015,20
22/1/2015,587,Jan,2015,33
23/1/2015,588,Jan,2015,21
24/1/2015,589,Jan,2015,28
25/1/2015,590,Jan,2015,34
26/1/2015,591,Jan,2015,34
27/1/2015,592,Jan,2015,35
28/1/2015,593,Jan,2015,24
29/1/2015,594,Jan,2015,27
30/1/2015,595,Jan,2015,19
31/1/2015,596,Jan,2015,19
1/2/2015,597,Feb,2015,14
2/2/2015,598,Feb,2015,12
3/2/2015,599,Feb,2015,11
4/2/2015,600,Feb,2015,10
5/2/2015,601,Feb,2015,16
6/2/2015,602,Feb,2015,13
7/2/2015,603,Feb,2015,15
8/2/2015,604,Feb,2015,17
9/2/2015,605,Feb,2015,15
10/2/2015,606,Feb,2015,18
11/2/2015,607,Feb,2015,28
12/2/2015,608,Feb,2015,28
13/2/2015,609,Feb,2015,24
14/2/2015,610,Feb,2015,25
15/2/2015,611,Feb,2015,23
16/2/2015,612,Feb,2015,21
17/2/2015,613,Feb,2015,16
18/2/2015,614,Feb,2015,12
19/2/2015,615,Feb,2015,16
20/2/2015,616,Feb,2015,10
21/2/2015,617,Feb,2015,13
22/2/2015,618,Feb,2015,11
23/2/2015,619,Feb,2015,13
24/2/2015,620,Feb,2015,16
25/2/2015,621,Feb,2015,16
26/2/2015,622,Feb,2015,15
27/2/2015,623,Feb,2015,14
28/2/2015,624,Feb,2015,13
1/3/2015,625,Mar,2015,8
2/3/2015,626,Mar,2015,10
3/3/2015,627,Mar,2015,13
4/3/2015,628,Mar,2015,21
5/3/2015,629,Mar,2015,21
6/3/2015,630,Mar,2015,13
7/3/2015,631,Mar,2015,9
11/3/2015,632,Mar,2015,9
12/3/2015,633,Mar,2015,11
13/3/2015,634,Mar,2015,11
14/3/2015,635,Mar,2015,11
15/3/2015,636,Mar,2015,16
16/3/2015,637,Mar,2015,21
17/3/2015,638,Mar,2015,13
18/3/2015,639,Mar,2015,20
19/3/2015,640,Mar,2015,20
20/3/2015,641,Mar,2015,26
21/3/2015,642,Mar,2015,29
22/3/2015,643,Mar,2015,26
23/3/2015,644,Mar,2015,17
24/3/2015,645,Mar,2015,14
25/3/2015,646,Mar,2015,19
26/3/2015,647,Mar,2015,12
27/3/2015,648,Mar,2015,12
28/3/2015,649,Mar,2015,14
29/3/2015,650,Mar,2015,14
30/3/2015,651,Mar,2015,13
31/3/2015,652,Mar,2015,15
1/4/2015,653,Apr,2015,17
2/4/2015,654,Apr,2015,18
3/4/2015,655,Apr,2015,24
4/4/2015,656,Apr,2015,31
5/4/2015,657,Apr,2015,19
6/4/2015,658,Apr,2015,18
7/4/2015,659,Apr,2015,18
10/4/2015,660,Apr,2015,13
11/4/2015,661,Apr,2015,18
12/4/2015,662,Apr,2015,25
11/1/2016,663,Jan,2016,20
17/1/2016,664,Jan,2016,13
18/1/2016,665,Jan,2016,12
19/1/2016,666,Jan,2016,9
20/1/2016,667,Jan,2016,8
21/1/2016,668,Jan,2016,7
22/1/2016,669,Jan,2016,11
23/1/2016,670,Jan,2016,14
24/1/2016,671,Jan,2016,18
27/1/2016,672,Jan,2016,25
31/1/2016,673,Jan,2016,19
1/2/2016,674,Feb,2016,19
2/2/2016,675,Feb,2016,22
3/2/2016,676,Feb,2016,14
4/2/2016,677,Feb,2016,13
5/2/2016,678,Feb,2016,16
6/2/2016,679,Feb,2016,17
7/2/2016,680,Feb,2016,32
8/2/2016,681,Feb,2016,44
9/2/2016,682,Feb,2016,34
10/2/2016,683,Feb,2016,35
11/2/2016,684,Feb,2016,28
12/2/2016,685,Feb,2016,12
13/2/2016,686,Feb,2016,19
20/2/2016,687,Feb,2016,21
21/2/2016,688,Feb,2016,26
23/2/2016,689,Feb,2016,22
24/2/2016,690,Feb,2016,24
1/3/2016,691,Mar,2016,25
2/3/2016,692,Mar,2016,26
3/3/2016,693,Mar,2016,21
9/3/2016,694,Mar,2016,28
11/3/2016,695,Mar,2016,30
12/3/2016,696,Mar,2016,38
14/3/2016,697,Mar,2016,23
15/3/2016,698,Mar,2016,17
16/3/2016,699,Mar,2016,18
17/3/2016,700,Mar,2016,24
18/3/2016,701,Mar,2016,23
19/3/2016,702,Mar,2016,26
20/3/2016,703,Mar,2016,21
21/3/2016,704,Mar,2016,21
22/3/2016,705,Mar,2016,23
23/3/2016,706,Mar,2016,29
24/3/2016,707,Mar,2016,33
25/3/2016,708,Mar,2016,24
26/3/2016,709,Mar,2016,15
27/3/2016,710,Mar,2016,13
28/3/2016,711,Mar,2016,18
29/3/2016,712,Mar,2016,27
30/3/2016,713,Mar,2016,31
31/3/2016,714,Mar,2016,31
1/4/2016,715,Apr,2016,21
2/4/2016,716,Apr,2016,15
3/4/2016,717,Apr,2016,12
4/4/2016,718,Apr,2016,17
5/4/2016,719,Apr,2016,24
6/4/2016,720,Apr,2016,15
7/4/2016,721,Apr,2016,20
8/4/2016,722,Apr,2016,24
9/4/2016,723,Apr,2016,22
10/4/2016,724,Apr,2016,18
11/4/2016,725,Apr,2016,21
12/4/2016,726,Apr,2016,30
13/4/2016,727,Apr,2016,25
14/4/2016,728,Apr,2016,23
15/4/2016,729,Apr,2016,32
16/4/2016,730,Apr,2016,38
17/4/2016,731,Apr,2016,38
18/4/2016,732,Apr,2016,33
19/4/2016,733,Apr,2016,15
20/4/2016,734,Apr,2016,14
21/4/2016,735,Apr,2016,18
22/4/2016,736,Apr,2016,20
23/4/2016,737,Apr,2016,19
24/4/2016,738,Apr,2016,28
25/4/2016,739,Apr,2016,26
26/4/2016,740,Apr,2016,19
27/4/2016,741,Apr,2016,22
28/4/2016,742,Apr,2016,33
29/4/2016,743,Apr,2016,41
30/4/2016,744,Apr,2016,30
1/5/2016,745,May,2016,31
2/5/2016,746,May,2016,21
3/5/2016,747,May,2016,23
4/5/2016,748,May,2016,25
5/5/2016,749,May,2016,10
6/5/2016,750,May,2016,25
7/5/2016,751,May,2016,18
8/5/2016,752,May,2016,23
9/5/2016,753,May,2016,27
10/5/2016,754,May,2016,22
11/5/2016,755,May,2016,40
12/5/2016,756,May,2016,19
13/5/2016,757,May,2016,35
14/5/2016,758,May,2016,28
15/5/2016,759,May,2016,24
16/5/2016,760,May,2016,27
17/5/2016,761,May,2016,27
18/5/2016,762,May,2016,26
19/5/2016,763,May,2016,18
27/5/2016,764,May,2016,18
28/5/2016,765,May,2016,25
29/5/2016,766,May,2016,12
30/5/2016,767,May,2016,17
31/5/2016,768,May,2016,14
1/6/2016,769,Jun,2016,15
2/6/2016,770,Jun,2016,19
3/6/2016,771,Jun,2016,14
4/6/2016,772,Jun,2016,20
5/6/2016,773,Jun,2016,25
6/6/2016,774,Jun,2016,28
7/6/2016,775,Jun,2016,23
8/6/2016,776,Jun,2016,28
9/6/2016,777,Jun,2016,18
10/6/2016,778,Jun,2016,22
11/6/2016,779,Jun,2016,20
12/6/2016,780,Jun,2016,19
13/6/2016,781,Jun,2016,21
14/6/2016,782,Jun,2016,19
15/6/2016,783,Jun,2016,10
16/6/2016,784,Jun,2016,12
17/6/2016,785,Jun,2016,17
18/6/2016,786,Jun,2016,16
19/6/2016,787,Jun,2016,18
20/6/2016,788,Jun,2016,20
21/6/2016,789,Jun,2016,18
22/6/2016,790,Jun,2016,19
23/6/2016,791,Jun,2016,35
24/6/2016,792,Jun,2016,30
25/6/2016,793,Jun,2016,34
26/6/2016,794,Jun,2016,29
27/6/2016,795,Jun,2016,36
28/6/2016,796,Jun,2016,33
29/6/2016,797,Jun,2016,33
30/6/2016,798,Jun,2016,27
1/7/2016,799,Jul,2016,26
2/7/2016,800,Jul,2016,40
3/7/2016,801,Jul,2016,47
4/7/2016,802,Jul,2016,41
5/7/2016,803,Jul,2016,37
6/7/2016,804,Jul,2016,23
7/7/2016,805,Jul,2016,21
8/7/2016,806,Jul,2016,16
9/7/2016,807,Jul,2016,20
10/7/2016,808,Jul,2016,30
11/7/2016,809,Jul,2016,29
12/7/2016,810,Jul,2016,19
13/7/2016,811,Jul,2016,21
14/7/2016,812,Jul,2016,19
15/7/2016,813,Jul,2016,18
16/7/2016,814,Jul,2016,23
17/7/2016,815,Jul,2016,18
18/7/2016,816,Jul,2016,13
19/7/2016,817,Jul,2016,14
20/7/2016,818,Jul,2016,15
21/7/2016,819,Jul,2016,15
22/7/2016,820,Jul,2016,19
23/7/2016,821,Jul,2016,17
24/7/2016,822,Jul,2016,24
25/7/2016,823,Jul,2016,22
26/7/2016,824,Jul,2016,17
27/7/2016,825,Jul,2016,22
28/7/2016,826,Jul,2016,18
29/7/2016,827,Jul,2016,20
30/7/2016,828,Jul,2016,20
31/7/2016,829,Jul,2016,17
1/8/2016,830,Aug,2016,13
2/8/2016,831,Aug,2016,16
3/8/2016,832,Aug,2016,19
4/8/2016,833,Aug,2016,20
5/8/2016,834,Aug,2016,21
6/8/2016,835,Aug,2016,25
7/8/2016,836,Aug,2016,25
8/8/2016,837,Aug,2016,23
9/8/2016,838,Aug,2016,17
10/8/2016,839,Aug,2016,12
11/8/2016,840,Aug,2016,15
12/8/2016,841,Aug,2016,19
13/8/2016,842,Aug,2016,15
14/8/2016,843,Aug,2016,9
15/8/2016,844,Aug,2016,16
16/8/2016,845,Aug,2016,13
17/8/2016,846,Aug,2016,16
18/8/2016,847,Aug,2016,16
19/8/2016,848,Aug,2016,15
20/8/2016,849,Aug,2016,17
21/8/2016,850,Aug,2016,16
22/8/2016,851,Aug,2016,15
23/8/2016,852,Aug,2016,16
24/8/2016,853,Aug,2016,14
25/8/2016,854,Aug,2016,14
26/8/2016,855,Aug,2016,16
27/8/2016,856,Aug,2016,17
28/8/2016,857,Aug,2016,16
1/9/2016,858,Sep,2016,23
2/9/2016,859,Sep,2016,15
3/9/2016,860,Sep,2016,33
4/9/2016,861,Sep,2016,15
5/9/2016,862,Sep,2016,13
6/9/2016,863,Sep,2016,14
7/9/2016,864,Sep,2016,12
8/9/2016,865,Sep,2016,17
9/9/2016,866,Sep,2016,11
10/9/2016,867,Sep,2016,17
11/9/2016,868,Sep,2016,17
12/9/2016,869,Sep,2016,21
13/9/2016,870,Sep,2016,15
14/9/2016,871,Sep,2016,18
15/9/2016,872,Sep,2016,14
16/9/2016,873,Sep,2016,11
17/9/2016,874,Sep,2016,8
18/9/2016,875,Sep,2016,7
19/9/2016,876,Sep,2016,13
20/9/2016,877,Sep,2016,7
21/9/2016,878,Sep,2016,11
22/9/2016,879,Sep,2016,12
23/9/2016,880,Sep,2016,13
24/9/2016,881,Sep,2016,19
25/9/2016,882,Sep,2016,22
26/9/2016,883,Sep,2016,18
27/9/2016,884,Sep,2016,18
28/9/2016,885,Sep,2016,9
29/9/2016,886,Sep,2016,11
30/9/2016,887,Sep,2016,9
1/10/2016,888,Oct,2016,12
2/10/2016,889,Oct,2016,14
3/10/2016,890,Oct,2016,12
5/10/2016,891,Oct,2016,14
6/10/2016,892,Oct,2016,13
7/10/2016,893,Oct,2016,16
8/10/2016,894,Oct,2016,20
9/10/2016,895,Oct,2016,20
10/10/2016,896,Oct,2016,17
11/10/2016,897,Oct,2016,10
12/10/2016,898,Oct,2016,14
13/10/2016,899,Oct,2016,15
14/10/2016,900,Oct,2016,13
15/10/2016,901,Oct,2016,18
16/10/2016,902,Oct,2016,19
17/10/2016,903,Oct,2016,15
18/10/2016,904,Oct,2016,16
19/10/2016,905,Oct,2016,12
20/10/2016,906,Oct,2016,20
21/10/2016,907,Oct,2016,16
22/10/2016,908,Oct,2016,8
23/10/2016,909,Oct,2016,9
24/10/2016,910,Oct,2016,11
25/10/2016,911,Oct,2016,22
26/10/2016,912,Oct,2016,26
27/10/2016,913,Oct,2016,25
28/10/2016,914,Oct,2016,24
29/10/2016,915,Oct,2016,9
30/10/2016,916,Oct,2016,6
31/10/2016,917,Oct,2016,9
1/11/2016,918,Nov,2016,12
2/11/2016,919,Nov,2016,13
3/11/2016,920,Nov,2016,9
4/11/2016,921,Nov,2016,8
5/11/2016,922,Nov,2016,9
6/11/2016,923,Nov,2016,10
7/11/2016,924,Nov,2016,16
8/11/2016,925,Nov,2016,20
9/11/2016,926,Nov,2016,13
10/11/2016,927,Nov,2016,10
11/11/2016,928,Nov,2016,7
12/11/2016,929,Nov,2016,7
13/11/2016,930,Nov,2016,9
14/11/2016,931,Nov,2016,8
15/11/2016,932,Nov,2016,9
16/11/2016,933,Nov,2016,8
17/11/2016,934,Nov,2016,7
18/11/2016,935,Nov,2016,11
19/11/2016,936,Nov,2016,12
20/11/2016,937,Nov,2016,11
21/11/2016,938,Nov,2016,12
22/11/2016,939,Nov,2016,19
23/11/2016,940,Nov,2016,26
24/11/2016,941,Nov,2016,13
26/11/2016,942,Nov,2016,10
27/11/2016,943,Nov,2016,14
28/11/2016,944,Nov,2016,12
29/11/2016,945,Nov,2016,8
30/11/2016,946,Nov,2016,14
1/12/2016,947,Dec,2016,8
2/12/2016,948,Dec,2016,6
3/12/2016,949,Dec,2016,7
4/12/2016,950,Dec,2016,6
7/12/2016,951,Dec,2016,8
8/12/2016,952,Dec,2016,8
9/12/2016,953,Dec,2016,10
10/12/2016,954,Dec,2016,9
11/12/2016,955,Dec,2016,18
12/12/2016,956,Dec,2016,25
13/12/2016,957,Dec,2016,37
14/12/2016,958,Dec,2016,38
15/12/2016,959,Dec,2016,29
16/12/2016,960,Dec,2016,25
17/12/2016,961,Dec,2016,20
18/12/2016,962,Dec,2016,10
19/12/2016,963,Dec,2016,11
20/12/2016,964,Dec,2016,9
21/12/2016,965,Dec,2016,6
23/12/2016,966,Dec,2016,9
24/12/2016,967,Dec,2016,7
25/12/2016,968,Dec,2016,9
26/12/2016,969,Dec,2016,17
27/12/2016,970,Dec,2016,11
28/12/2016,971,Dec,2016,13
29/12/2016,972,Dec,2016,10
30/12/2016,973,Dec,2016,11
31/12/2016,974,Dec,2016,9
1/1/2017,975,Jan,2017,7
2/1/2017,976,Jan,2017,9
3/1/2017,977,Jan,2017,6
4/1/2017,978,Jan,2017,5
5/1/2017,979,Jan,2017,7
6/1/2017,980,Jan,2017,5
8/1/2017,981,Jan,2017,6
9/1/2017,982,Jan,2017,10
10/1/2017,983,Jan,2017,12
11/1/2017,984,Jan,2017,10
12/1/2017,985,Jan,2017,12
13/1/2017,986,Jan,2017,14
14/1/2017,987,Jan,2017,18
15/1/2017,988,Jan,2017,14
16/1/2017,989,Jan,2017,12
17/1/2017,990,Jan,2017,6
18/1/2017,991,Jan,2017,10
21/1/2017,992,Jan,2017,13
22/1/2017,993,Jan,2017,13
23/1/2017,994,Jan,2017,10
24/1/2017,995,Jan,2017,16
25/1/2017,996,Jan,2017,14
26/1/2017,997,Jan,2017,9
29/1/2017,998,Jan,2017,17
30/1/2017,999,Jan,2017,20
31/1/2017,1000,Jan,2017,13
1/2/2017,1001,Feb,2017,13
2/2/2017,1002,Feb,2017,23
3/2/2017,1003,Feb,2017,24
4/2/2017,1004,Feb,2017,9
5/2/2017,1005,Feb,2017,9
6/2/2017,1006,Feb,2017,15
7/2/2017,1007,Feb,2017,19
8/2/2017,1008,Feb,2017,20
9/2/2017,1009,Feb,2017,18
10/2/2017,1010,Feb,2017,16
11/2/2017,1011,Feb,2017,14
12/2/2017,1012,Feb,2017,15
13/2/2017,1013,Feb,2017,16
14/2/2017,1014,Feb,2017,14
15/2/2017,1015,Feb,2017,10
16/2/2017,1016,Feb,2017,10
17/2/2017,1017,Feb,2017,11
18/2/2017,1018,Feb,2017,9
19/2/2017,1019,Feb,2017,9
20/2/2017,1020,Feb,2017,13
21/2/2017,1021,Feb,2017,13
22/2/2017,1022,Feb,2017,9
23/2/2017,1023,Feb,2017,9
24/2/2017,1024,Feb,2017,7
25/2/2017,1025,Feb,2017,9
26/2/2017,1026,Feb,2017,9
27/2/2017,1027,Feb,2017,8
28/2/2017,1028,Feb,2017,10
1/3/2017,1029,Mar,2017,12
2/3/2017,1030,Mar,2017,13
3/3/2017,1031,Mar,2017,13
4/3/2017,1032,Mar,2017,16
5/3/2017,1033,Mar,2017,19
6/3/2017,1034,Mar,2017,22
7/3/2017,1035,Mar,2017,23
8/3/2017,1036,Mar,2017,16
9/3/2017,1037,Mar,2017,12
10/3/2017,1038,Mar,2017,10
11/3/2017,1039,Mar,2017,13
12/3/2017,1040,Mar,2017,16
13/3/2017,1041,Mar,2017,19
14/3/2017,1042,Mar,2017,23
15/3/2017,1043,Mar,2017,24
16/3/2017,1044,Mar,2017,20
17/3/2017,1045,Mar,2017,16
18/3/2017,1046,Mar,2017,17
19/3/2017,1047,Mar,2017,18
20/3/2017,1048,Mar,2017,30
21/3/2017,1049,Mar,2017,13
22/3/2017,1050,Mar,2017,12
23/3/2017,1051,Mar,2017,15
24/3/2017,1052,Mar,2017,10
25/3/2017,1053,Mar,2017,11
26/3/2017,1054,Mar,2017,13
27/3/2017,1055,Mar,2017,7
28/3/2017,1056,Mar,2017,9
29/3/2017,1057,Mar,2017,9
30/3/2017,1058,Mar,2017,12
31/3/2017,1059,Mar,2017,10
1/4/2017,1060,Apr,2017,10
2/4/2017,1061,Apr,2017,11
3/4/2017,1062,Apr,2017,5
4/4/2017,1063,Apr,2017,9
5/4/2017,1064,Apr,2017,11
6/4/2017,1065,Apr,2017,12
7/4/2017,1066,Apr,2017,8
8/4/2017,1067,Apr,2017,17
11/4/2017,1068,Apr,2017,13
12/4/2017,1069,Apr,2017,18
13/4/2017,1070,Apr,2017,19
14/4/2017,1071,Apr,2017,11
15/4/2017,1072,Apr,2017,9
16/4/2017,1073,Apr,2017,12
17/4/2017,1074,Apr,2017,14
18/4/2017,1075,Apr,2017,20
19/4/2017,1076,Apr,2017,18
20/4/2017,1077,Apr,2017,16
21/4/2017,1078,Apr,2017,16
22/4/2017,1079,Apr,2017,18
23/4/2017,1080,Apr,2017,20
24/4/2017,1081,Apr,2017,15
25/4/2017,1082,Apr,2017,26
26/4/2017,1083,Apr,2017,19
27/4/2017,1084,Apr,2017,17
28/4/2017,1085,Apr,2017,18
29/4/2017,1086,Apr,2017,17
30/4/2017,1087,Apr,2017,15
1/5/2017,1088,May,2017,18
2/5/2017,1089,May,2017,18
3/5/2017,1090,May,2017,19
4/5/2017,1091,May,2017,20
5/5/2017,1092,May,2017,12
6/5/2017,1093,May,2017,13
7/5/2017,1094,May,2017,19
8/5/2017,1095,May,2017,13
9/5/2017,1096,May,2017,16
10/5/2017,1097,May,2017,23
11/5/2017,1098,May,2017,18
12/5/2017,1099,May,2017,14
13/5/2017,1100,May,2017,15
14/5/2017,1101,May,2017,14
15/5/2017,1102,May,2017,22
16/5/2017,1103,May,2017,17
17/5/2017,1104,May,2017,25
18/5/2017,1105,May,2017,27
19/5/2017,1106,May,2017,14
20/5/2017,1107,May,2017,18
21/5/2017,1108,May,2017,15
22/5/2017,1109,May,2017,14
23/5/2017,1110,May,2017,9
24/5/2017,1111,May,2017,13
25/5/2017,1112,May,2017,12
26/5/2017,1113,May,2017,20
27/5/2017,1114,May,2017,18
28/5/2017,1115,May,2017,18
29/5/2017,1116,May,2017,19
30/5/2017,1117,May,2017,21
31/5/2017,1118,May,2017,16
1/6/2017,1119,Jun,2017,22
2/6/2017,1120,Jun,2017,18
3/6/2017,1121,Jun,2017,21
4/6/2017,1122,Jun,2017,18
5/6/2017,1123,Jun,2017,22
6/6/2017,1124,Jun,2017,12
7/6/2017,1125,Jun,2017,13
8/6/2017,1126,Jun,2017,16
9/6/2017,1127,Jun,2017,24
10/6/2017,1128,Jun,2017,33
11/6/2017,1129,Jun,2017,26
12/6/2017,1130,Jun,2017,20
13/6/2017,1131,Jun,2017,18
14/6/2017,1132,Jun,2017,30
15/6/2017,1133,Jun,2017,17
16/6/2017,1134,Jun,2017,17
17/6/2017,1135,Jun,2017,20
18/6/2017,1136,Jun,2017,13
19/6/2017,1137,Jun,2017,19
20/6/2017,1138,Jun,2017,24
21/6/2017,1139,Jun,2017,20
22/6/2017,1140,Jun,2017,20
23/6/2017,1141,Jun,2017,15
24/6/2017,1142,Jun,2017,10
25/6/2017,1143,Jun,2017,15
26/6/2017,1144,Jun,2017,11
27/6/2017,1145,Jun,2017,13
28/6/2017,1146,Jun,2017,9
29/6/2017,1147,Jun,2017,16
30/6/2017,1148,Jun,2017,12
1/7/2017,1149,Jul,2017,14
2/7/2017,1150,Jul,2017,10
3/7/2017,1151,Jul,2017,15
4/7/2017,1152,Jul,2017,14
5/7/2017,1153,Jul,2017,23
6/7/2017,1154,Jul,2017,18
7/7/2017,1155,Jul,2017,17
8/7/2017,1156,Jul,2017,21
9/7/2017,1157,Jul,2017,15
10/7/2017,1158,Jul,2017,12
11/7/2017,1159,Jul,2017,16
12/7/2017,1160,Jul,2017,21
13/7/2017,1161,Jul,2017,19
14/7/2017,1162,Jul,2017,15
15/7/2017,1163,Jul,2017,13
16/7/2017,1164,Jul,2017,21
17/7/2017,1165,Jul,2017,28
18/7/2017,1166,Jul,2017,29
19/7/2017,1167,Jul,2017,36
20/7/2017,1168,Jul,2017,28
21/7/2017,1169,Jul,2017,19
22/7/2017,1170,Jul,2017,29
23/7/2017,1171,Jul,2017,30
24/7/2017,1172,Jul,2017,30
25/7/2017,1173,Jul,2017,27
26/7/2017,1174,Jul,2017,24
27/7/2017,1175,Jul,2017,32
28/7/2017,1176,Jul,2017,15
29/7/2017,1177,Jul,2017,11
30/7/2017,1178,Jul,2017,21
31/7/2017,1179,Jul,2017,14
1/8/2017,1180,Aug,2017,11
2/8/2017,1181,Aug,2017,12
3/8/2017,1182,Aug,2017,18
4/8/2017,1183,Aug,2017,13
5/8/2017,1184,Aug,2017,11
6/8/2017,1185,Aug,2017,16
9/8/2017,1186,Aug,2017,12
10/8/2017,1187,Aug,2017,14
11/8/2017,1188,Aug,2017,10
12/8/2017,1189,Aug,2017,9
13/8/2017,1190,Aug,2017,9
14/8/2017,1191,Aug,2017,11
15/8/2017,1192,Aug,2017,8
16/8/2017,1193,Aug,2017,11
17/8/2017,1194,Aug,2017,8
18/8/2017,1195,Aug,2017,15
19/8/2017,1196,Aug,2017,17
20/8/2017,1197,Aug,2017,16
21/8/2017,1198,Aug,2017,28
22/8/2017,1199,Aug,2017,23
23/8/2017,1200,Aug,2017,20
24/8/2017,1201,Aug,2017,25
25/8/2017,1202,Aug,2017,26
26/8/2017,1203,Aug,2017,17
27/8/2017,1204,Aug,2017,16
28/8/2017,1205,Aug,2017,8
29/8/2017,1206,Aug,2017,17
30/8/2017,1207,Aug,2017,11
31/8/2017,1208,Aug,2017,14
1/9/2017,1209,Sep,2017,15
2/9/2017,1210,Sep,2017,17
3/9/2017,1211,Sep,2017,13
4/9/2017,1212,Sep,2017,11
5/9/2017,1213,Sep,2017,12
6/9/2017,1214,Sep,2017,14
7/9/2017,1215,Sep,2017,19
8/9/2017,1216,Sep,2017,17
9/9/2017,1217,Sep,2017,26
10/9/2017,1218,Sep,2017,16
11/9/2017,1219,Sep,2017,7
12/9/2017,1220,Sep,2017,12
13/9/2017,1221,Sep,2017,12
14/9/2017,1222,Sep,2017,12
15/9/2017,1223,Sep,2017,10
16/9/2017,1224,Sep,2017,9
17/9/2017,1225,Sep,2017,12
18/9/2017,1226,Sep,2017,16
19/9/2017,1227,Sep,2017,10
20/9/2017,1228,Sep,2017,13
21/9/2017,1229,Sep,2017,8
22/9/2017,1230,Sep,2017,12
23/9/2017,1231,Sep,2017,13
24/9/2017,1232,Sep,2017,8
25/9/2017,1233,Sep,2017,12
26/9/2017,1234,Sep,2017,11
27/9/2017,1235,Sep,2017,9
28/9/2017,1236,Sep,2017,12
29/10/2017,1237,Oct,2017,11
30/10/2017,1238,Oct,2017,14
31/10/2017,1239,Oct,2017,23
1/11/2017,1240,Nov,2017,20
3/11/2017,1241,Nov,2017,7
4/11/2017,1242,Nov,2017,7
5/11/2017,1243,Nov,2017,15
1/12/2017,1244,Dec,2017,9
2/12/2017,1245,Dec,2017,10
3/12/2017,1246,Dec,2017,8
8/12/2017,1247,Dec,2017,12
9/12/2017,1248,Dec,2017,11
10/12/2017,1249,Dec,2017,15
11/12/2017,1250,Dec,2017,22
12/12/2017,1251,Dec,2017,26
13/12/2017,1252,Dec,2017,19
14/12/2017,1253,Dec,2017,22
15/12/2017,1254,Dec,2017,28
16/12/2017,1255,Dec,2017,23
17/12/2017,1256,Dec,2017,12
18/12/2017,1257,Dec,2017,7
19/12/2017,1258,Dec,2017,14
20/12/2017,1259,Dec,2017,21
21/12/2017,1260,Dec,2017,20
22/12/2017,1261,Dec,2017,19
23/12/2017,1262,Dec,2017,15
24/12/2017,1263,Dec,2017,10
25/12/2017,1264,Dec,2017,12
26/12/2017,1265,Dec,2017,13
27/12/2017,1266,Dec,2017,9
28/12/2017,1267,Dec,2017,8
29/12/2017,1268,Dec,2017,9
30/12/2017,1269,Dec,2017,9
31/12/2017,1270,Dec,2017,10
1/1/2018,1271,Jan,2018,10
2/1/2018,1272,Jan,2018,15
3/1/2018,1273,Jan,2018,10
4/1/2018,1274,Jan,2018,11
5/1/2018,1275,Jan,2018,14
6/1/2018,1276,Jan,2018,13
7/1/2018,1277,Jan,2018,10
8/1/2018,1278,Jan,2018,13
9/1/2018,1279,Jan,2018,9
10/1/2018,1280,Jan,2018,8
11/1/2018,1281,Jan,2018,6
12/1/2018,1282,Jan,2018,12
13/1/2018,1283,Jan,2018,19
14/1/2018,1284,Jan,2018,17
15/1/2018,1285,Jan,2018,15
16/1/2018,1286,Jan,2018,13
17/1/2018,1287,Jan,2018,14
18/1/2018,1288,Jan,2018,16
19/1/2018,1289,Jan,2018,13
20/1/2018,1290,Jan,2018,12
21/1/2018,1291,Jan,2018,10
22/1/2018,1292,Jan,2018,9
24/1/2018,1293,Jan,2018,9
25/1/2018,1294,Jan,2018,11
26/1/2018,1295,Jan,2018,11
27/1/2018,1296,Jan,2018,8
28/1/2018,1297,Jan,2018,11
29/1/2018,1298,Jan,2018,11
30/1/2018,1299,Jan,2018,11
31/1/2018,1300,Jan,2018,7
1/2/2018,1301,Feb,2018,7
2/2/2018,1302,Feb,2018,10
3/2/2018,1303,Feb,2018,11
4/2/2018,1304,Feb,2018,12
5/2/2018,1305,Feb,2018,13
6/2/2018,1306,Feb,2018,16
7/2/2018,1307,Feb,2018,17
8/2/2018,1308,Feb,2018,23
9/2/2018,1309,Feb,2018,31
10/2/2018,1310,Feb,2018,25
11/2/2018,1311,Feb,2018,30
12/2/2018,1312,Feb,2018,19
13/2/2018,1313,Feb,2018,13
14/2/2018,1314,Feb,2018,16
15/2/2018,1315,Feb,2018,19
16/2/2018,1316,Feb,2018,25
17/2/2018,1317,Feb,2018,29
18/2/2018,1318,Feb,2018,27
20/2/2018,1319,Feb,2018,7
21/2/2018,1320,Feb,2018,8
22/2/2018,1321,Feb,2018,8
23/2/2018,1322,Feb,2018,7
24/2/2018,1323,Feb,2018,9
25/2/2018,1324,Feb,2018,12
26/2/2018,1325,Feb,2018,11
27/2/2018,1326,Feb,2018,10
28/2/2018,1327,Feb,2018,9
1/3/2018,1328,Mar,2018,12
2/3/2018,1329,Mar,2018,9
3/3/2018,1330,Mar,2018,9
4/3/2018,1331,Mar,2018,7
5/3/2018,1332,Mar,2018,7
6/3/2018,1333,Mar,2018,6
7/3/2018,1334,Mar,2018,8
8/3/2018,1335,Mar,2018,10
9/3/2018,1336,Mar,2018,11
10/3/2018,1337,Mar,2018,10
11/3/2018,1338,Mar,2018,14
12/3/2018,1339,Mar,2018,16
13/3/2018,1340,Mar,2018,13
14/3/2018,1341,Mar,2018,15
15/3/2018,1342,Mar,2018,14
16/3/2018,1343,Mar,2018,16
17/3/2018,1344,Mar,2018,8
18/3/2018,1345,Mar,2018,7
21/3/2018,1346,Mar,2018,15
22/3/2018,1347,Mar,2018,14
23/3/2018,1348,Mar,2018,12
24/3/2018,1349,Mar,2018,13
25/3/2018,1350,Mar,2018,15
26/3/2018,1351,Mar,2018,15
27/3/2018,1352,Mar,2018,18
28/3/2018,1353,Mar,2018,19
29/3/2018,1354,Mar,2018,20
30/3/2018,1355,Mar,2018,26
31/3/2018,1356,Mar,2018,29
1/4/2018,1357,Apr,2018,31
2/4/2018,1358,Apr,2018,24
3/4/2018,1359,Apr,2018,19
4/4/2018,1360,Apr,2018,19
5/4/2018,1361,Apr,2018,19
6/4/2018,1362,Apr,2018,19
7/4/2018,1363,Apr,2018,13
8/4/2018,1364,Apr,2018,12
9/4/2018,1365,Apr,2018,13
10/4/2018,1366,Apr,2018,11
11/4/2018,1367,Apr,2018,11
12/4/2018,1368,Apr,2018,11
13/4/2018,1369,Apr,2018,11
14/4/2018,1370,Apr,2018,9
15/4/2018,1371,Apr,2018,13
16/4/2018,1372,Apr,2018,9
17/4/2018,1373,Apr,2018,10
18/4/2018,1374,Apr,2018,10
19/4/2018,1375,Apr,2018,11
20/4/2018,1376,Apr,2018,12
21/4/2018,1377,Apr,2018,12
22/4/2018,1378,Apr,2018,13
23/4/2018,1379,Apr,2018,15
24/4/2018,1380,Apr,2018,17
25/4/2018,1381,Apr,2018,18
26/4/2018,1382,Apr,2018,15
27/4/2018,1383,Apr,2018,13
28/4/2018,1384,Apr,2018,12
29/4/2018,1385,Apr,2018,13
30/4/2018,1386,Apr,2018,14
1/5/2018,1387,May,2018,13
2/5/2018,1388,May,2018,8
3/5/2018,1389,May,2018,14
4/5/2018,1390,May,2018,10
5/5/2018,1391,May,2018,10
6/5/2018,1392,May,2018,12
7/5/2018,1393,May,2018,17
8/5/2018,1394,May,2018,15
9/5/2018,1395,May,2018,21
10/5/2018,1396,May,2018,17
11/5/2018,1397,May,2018,18
12/5/2018,1398,May,2018,13
13/5/2018,1399,May,2018,13
14/5/2018,1400,May,2018,13
15/5/2018,1401,May,2018,13
16/5/2018,1402,May,2018,18
17/5/2018,1403,May,2018,13
18/5/2018,1404,May,2018,18
19/5/2018,1405,May,2018,17
20/5/2018,1406,May,2018,13
21/5/2018,1407,May,2018,16
22/5/2018,1408,May,2018,19
23/5/2018,1409,May,2018,13
24/5/2018,1410,May,2018,14
25/5/2018,1411,May,2018,11
26/5/2018,1412,May,2018,10
27/5/2018,1413,May,2018,16
28/5/2018,1414,May,2018,9
29/5/2018,1415,May,2018,11
30/5/2018,1416,May,2018,14
31/5/2018,1417,May,2018,19
1/6/2018,1418,Jun,2018,14
2/6/2018,1419,Jun,2018,14
3/6/2018,1420,Jun,2018,15
4/6/2018,1421,Jun,2018,16
5/6/2018,1422,Jun,2018,20
6/6/2018,1423,Jun,2018,23
7/6/2018,1424,Jun,2018,23
8/6/2018,1425,Jun,2018,18
9/6/2018,1426,Jun,2018,16
10/6/2018,1427,Jun,2018,27
11/6/2018,1428,Jun,2018,33
12/6/2018,1429,Jun,2018,29
13/6/2018,1430,Jun,2018,29
14/6/2018,1431,Jun,2018,26
15/6/2018,1432,Jun,2018,27
16/6/2018,1433,Jun,2018,26
17/6/2018,1434,Jun,2018,9
18/6/2018,1435,Jun,2018,12
19/6/2018,1436,Jun,2018,8
20/6/2018,1437,Jun,2018,9
21/6/2018,1438,Jun,2018,14
22/6/2018,1439,Jun,2018,16
23/6/2018,1440,Jun,2018,10
24/6/2018,1441,Jun,2018,17
25/6/2018,1442,Jun,2018,10
26/6/2018,1443,Jun,2018,16
27/6/2018,1444,Jun,2018,11
28/6/2018,1445,Jun,2018,18
29/6/2018,1446,Jun,2018,18
30/6/2018,1447,Jun,2018,16
1/7/2018,1448,Jul,2018,17
2/7/2018,1449,Jul,2018,19
3/7/2018,1450,Jul,2018,20
4/7/2018,1451,Jul,2018,24
5/7/2018,1452,Jul,2018,18
6/7/2018,1453,Jul,2018,16
7/7/2018,1454,Jul,2018,22
9/7/2018,1455,Jul,2018,9
10/7/2018,1456,Jul,2018,12
11/7/2018,1457,Jul,2018,10
12/7/2018,1458,Jul,2018,15
13/7/2018,1459,Jul,2018,30
14/7/2018,1460,Jul,2018,25
15/7/2018,1461,Jul,2018,24
16/7/2018,1462,Jul,2018,23
17/7/2018,1463,Jul,2018,23
18/7/2018,1464,Jul,2018,17
19/7/2018,1465,Jul,2018,30
20/7/2018,1466,Jul,2018,23
21/7/2018,1467,Jul,2018,11
22/7/2018,1468,Jul,2018,10
23/7/2018,1469,Jul,2018,13
24/7/2018,1470,Jul,2018,17
25/7/2018,1471,Jul,2018,26
26/7/2018,1472,Jul,2018,20
27/7/2018,1473,Jul,2018,16
28/7/2018,1474,Jul,2018,15
29/7/2018,1475,Jul,2018,9
30/7/2018,1476,Jul,2018,11
31/7/2018,1477,Jul,2018,9
1/8/2018,1478,Aug,2018,19
2/8/2018,1479,Aug,2018,15
3/8/2018,1480,Aug,2018,18
4/8/2018,1481,Aug,2018,21
5/8/2018,1482,Aug,2018,23
6/8/2018,1483,Aug,2018,14
7/8/2018,1484,Aug,2018,24
8/8/2018,1485,Aug,2018,23
10/8/2018,1486,Aug,2018,11
11/8/2018,1487,Aug,2018,11
12/8/2018,1488,Aug,2018,14
13/8/2018,1489,Aug,2018,21
14/8/2018,1490,Aug,2018,28
15/8/2018,1491,Aug,2018,24
16/8/2018,1492,Aug,2018,23
17/8/2018,1493,Aug,2018,30
18/8/2018,1494,Aug,2018,12
19/8/2018,1495,Aug,2018,24
20/8/2018,1496,Aug,2018,30
21/8/2018,1497,Aug,2018,16
22/8/2018,1498,Aug,2018,9
23/8/2018,1499,Aug,2018,12
24/8/2018,1500,Aug,2018,16
25/8/2018,1501,Aug,2018,21
26/8/2018,1502,Aug,2018,22
27/8/2018,1503,Aug,2018,19
28/8/2018,1504,Aug,2018,14
29/8/2018,1505,Aug,2018,10
30/8/2018,1506,Aug,2018,10
31/8/2018,1507,Aug,2018,11
1/9/2018,1508,Sep,2018,16
2/9/2018,1509,Sep,2018,15
3/9/2018,1510,Sep,2018,13
4/9/2018,1511,Sep,2018,12
5/9/2018,1512,Sep,2018,9
6/9/2018,1513,Sep,2018,11
7/9/2018,1514,Sep,2018,12
8/9/2018,1515,Sep,2018,12
9/9/2018,1516,Sep,2018,16
10/9/2018,1517,Sep,2018,13
11/9/2018,1518,Sep,2018,16
12/9/2018,1519,Sep,2018,16
13/9/2018,1520,Sep,2018,15
14/9/2018,1521,Sep,2018,12
15/9/2018,1522,Sep,2018,9
16/9/2018,1523,Sep,2018,8
17/9/2018,1524,Sep,2018,10
18/9/2018,1525,Sep,2018,9
19/9/2018,1526,Sep,2018,10
20/9/2018,1527,Sep,2018,8
21/9/2018,1528,Sep,2018,17
22/9/2018,1529,Sep,2018,13
23/9/2018,1530,Sep,2018,12
24/9/2018,1531,Sep,2018,14
25/9/2018,1532,Sep,2018,17
26/9/2018,1533,Sep,2018,17
27/9/2018,1534,Sep,2018,20
28/9/2018,1535,Sep,2018,11
29/9/2018,1536,Sep,2018,11
30/9/2018,1537,Sep,2018,18
1/10/2018,1538,Oct,2018,22
2/10/2018,1539,Oct,2018,16
3/10/2018,1540,Oct,2018,14
4/10/2018,1541,Oct,2018,9
5/10/2018,1542,Oct,2018,17
6/10/2018,1543,Oct,2018,15
7/10/2018,1544,Oct,2018,5
15/10/2018,1545,Oct,2018,18
16/10/2018,1546,Oct,2018,12
17/10/2018,1547,Oct,2018,15
18/10/2018,1548,Oct,2018,13
19/10/2018,1549,Oct,2018,9
20/10/2018,1550,Oct,2018,12
21/10/2018,1551,Oct,2018,10
22/10/2018,1552,Oct,2018,15
14/6/2019,1553,Jun,2019,29
15/6/2019,1554,Jun,2019,15
16/6/2019,1555,Jun,2019,22
17/6/2019,1556,Jun,2019,32
18/6/2019,1557,Jun,2019,29
19/6/2019,1558,Jun,2019,22
20/6/2019,1559,Jun,2019,19
21/6/2019,1560,Jun,2019,14
22/6/2019,1561,Jun,2019,14
23/6/2019,1562,Jun,2019,13
24/6/2019,1563,Jun,2019,16
25/6/2019,1564,Jun,2019,25
26/6/2019,1565,Jun,2019,17
27/6/2019,1566,Jun,2019,21
28/6/2019,1567,Jun,2019,30
29/6/2019,1568,Jun,2019,38
30/6/2019,1569,Jun,2019,33
1/7/2019,1570,Jul,2019,30
2/7/2019,1571,Jul,2019,34
3/7/2019,1572,Jul,2019,31
4/7/2019,1573,Jul,2019,24
5/7/2019,1574,Jul,2019,40
6/7/2019,1575,Jul,2019,32
7/7/2019,1576,Jul,2019,25
8/7/2019,1577,Jul,2019,31
9/7/2019,1578,Jul,2019,25
10/7/2019,1579,Jul,2019,21
11/7/2019,1580,Jul,2019,23
12/7/2019,1581,Jul,2019,22
13/7/2019,1582,Jul,2019,27
14/7/2019,1583,Jul,2019,18
15/7/2019,1584,Jul,2019,16
16/7/2019,1585,Jul,2019,16
17/7/2019,1586,Jul,2019,14
18/7/2019,1587,Jul,2019,15
19/7/2019,1588,Jul,2019,26
20/7/2019,1589,Jul,2019,39
21/7/2019,1590,Jul,2019,27
22/7/2019,1591,Jul,2019,28
23/7/2019,1592,Jul,2019,28
24/7/2019,1593,Jul,2019,23
25/7/2019,1594,Jul,2019,31
26/7/2019,1595,Jul,2019,25
27/7/2019,1596,Jul,2019,32
28/7/2019,1597,Jul,2019,25
29/7/2019,1598,Jul,2019,28
30/7/2019,1599,Jul,2019,23
31/7/2019,1600,Jul,2019,26
1/8/2019,1601,Aug,2019,23
2/8/2019,1602,Aug,2019,31
3/8/2019,1603,Aug,2019,30
4/8/2019,1604,Aug,2019,40
5/8/2019,1605,Aug,2019,43
6/8/2019,1606,Aug,2019,38
7/8/2019,1607,Aug,2019,32
8/8/2019,1608,Aug,2019,22
9/8/2019,1609,Aug,2019,17
10/8/2019,1610,Aug,2019,16
11/8/2019,1611,Aug,2019,17
12/8/2019,1612,Aug,2019,31
13/8/2019,1613,Aug,2019,36
14/8/2019,1614,Aug,2019,23
15/8/2019,1615,Aug,2019,14
16/8/2019,1616,Aug,2019,13
17/8/2019,1617,Aug,2019,19
18/8/2019,1618,Aug,2019,20
19/8/2019,1619,Aug,2019,31
20/8/2019,1620,Aug,2019,40
21/8/2019,1621,Aug,2019,23
22/8/2019,1622,Aug,2019,11
23/8/2019,1623,Aug,2019,14
24/8/2019,1624,Aug,2019,16
25/8/2019,1625,Aug,2019,12
26/8/2019,1626,Aug,2019,20
27/8/2019,1627,Aug,2019,19
28/8/2019,1628,Aug,2019,16
29/8/2019,1629,Aug,2019,20
30/8/2019,1630,Aug,2019,18
31/8/2019,1631,Aug,2019,27
1/9/2019,1632,Sep,2019,30
2/9/2019,1633,Sep,2019,26
3/9/2019,1634,Sep,2019,43
4/9/2019,1635,Sep,2019,51
5/9/2019,1636,Sep,2019,55
6/9/2019,1637,Sep,2019,42
7/9/2019,1638,Sep,2019,58
8/9/2019,1639,Sep,2019,52
9/9/2019,1640,Sep,2019,42
10/9/2019,1641,Sep,2019,41
11/9/2019,1642,Sep,2019,47
12/9/2019,1643,Sep,2019,39
13/9/2019,1644,Sep,2019,45
14/9/2019,1645,Sep,2019,21
15/9/2019,1646,Sep,2019,14
16/9/2019,1647,Sep,2019,18
17/9/2019,1648,Sep,2019,17
18/9/2019,1649,Sep,2019,57
19/9/2019,1650,Sep,2019,66
20/9/2019,1651,Sep,2019,58
21/9/2019,1652,Sep,2019,74
22/9/2019,1653,Sep,2019,66
23/9/2019,1654,Sep,2019,53
24/9/2019,1655,Sep,2019,47
25/9/2019,1656,Sep,2019,22
26/9/2019,1657,Sep,2019,19
27/9/2019,1658,Sep,2019,17
28/9/2019,1659,Sep,2019,14
29/9/2019,1660,Sep,2019,11
30/9/2019,1661,Sep,2019,18
1/10/2019,1662,Oct,2019,17
2/10/2019,1663,Oct,2019,19
3/10/2019,1664,Oct,2019,23
4/10/2019,1665,Oct,2019,24
5/10/2019,1666,Oct,2019,26
6/10/2019,1667,Oct,2019,22
7/10/2019,1668,Oct,2019,18
8/10/2019,1669,Oct,2019,12
9/10/2019,1670,Oct,2019,10
10/10/2019,1671,Oct,2019,16
11/10/2019,1672,Oct,2019,16
12/10/2019,1673,Oct,2019,19
13/10/2019,1674,Oct,2019,14
14/10/2019,1675,Oct,2019,12
15/10/2019,1676,Oct,2019,13
16/10/2019,1677,Oct,2019,17
17/10/2019,1678,Oct,2019,9
18/10/2019,1679,Oct,2019,10
19/10/2019,1680,Oct,2019,8
20/10/2019,1681,Oct,2019,8
21/10/2019,1682,Oct,2019,9
22/10/2019,1683,Oct,2019,9
23/10/2019,1684,Oct,2019,16
24/10/2019,1685,Oct,2019,21
25/10/2019,1686,Oct,2019,16
26/10/2019,1687,Oct,2019,16
27/10/2019,1688,Oct,2019,13
28/10/2019,1689,Oct,2019,11
29/10/2019,1690,Oct,2019,11
30/10/2019,1691,Oct,2019,16
31/10/2019,1692,Oct,2019,20
1/11/2019,1693,Nov,2019,16
2/11/2019,1694,Nov,2019,16
3/11/2019,1695,Nov,2019,12
4/11/2019,1696,Nov,2019,10
5/11/2019,1697,Nov,2019,14
6/11/2019,1698,Nov,2019,15
7/11/2019,1699,Nov,2019,16
8/11/2019,1700,Nov,2019,15
9/11/2019,1701,Nov,2019,14
10/11/2019,1702,Nov,2019,17
11/11/2019,1703,Nov,2019,30
12/11/2019,1704,Nov,2019,35
13/11/2019,1705,Nov,2019,30
14/11/2019,1706,Nov,2019,24
15/11/2019,1707,Nov,2019,19
16/11/2019,1708,Nov,2019,15
17/11/2019,1709,Nov,2019,17
18/11/2019,1710,Nov,2019,16
19/11/2019,1711,Nov,2019,17
20/11/2019,1712,Nov,2019,13
21/11/2019,1713,Nov,2019,14
22/11/2019,1714,Nov,2019,14
23/11/2019,1715,Nov,2019,11
24/11/2019,1716,Nov,2019,16
25/11/2019,1717,Nov,2019,11
26/11/2019,1718,Nov,2019,8
27/11/2019,1719,Nov,2019,11
28/11/2019,1720,Nov,2019,12
29/11/2019,1721,Nov,2019,14
30/11/2019,1722,Nov,2019,12
1/12/2019,1723,Dec,2019,12
2/12/2019,1724,Dec,2019,13
3/12/2019,1725,Dec,2019,14
4/12/2019,1726,Dec,2019,18
5/12/2019,1727,Dec,2019,19
6/12/2019,1728,Dec,2019,20
7/12/2019,1729,Dec,2019,16
8/12/2019,1730,Dec,2019,19
9/12/2019,1731,Dec,2019,19
10/12/2019,1732,Dec,2019,20
11/12/2019,1733,Dec,2019,20
12/12/2019,1734,Dec,2019,21
13/12/2019,1735,Dec,2019,17
14/12/2019,1736,Dec,2019,18
15/12/2019,1737,Dec,2019,15
16/12/2019,1738,Dec,2019,13
17/12/2019,1739,Dec,2019,11
18/12/2019,1740,Dec,2019,12
19/12/2019,1741,Dec,2019,13
20/12/2019,1742,Dec,2019,11
21/12/2019,1743,Dec,2019,13
22/12/2019,1744,Dec,2019,17
23/12/2019,1745,Dec,2019,19
24/12/2019,1746,Dec,2019,18
25/12/2019,1747,Dec,2019,19
26/12/2019,1748,Dec,2019,19
27/12/2019,1749,Dec,2019,22
28/12/2019,1750,Dec,2019,15
29/12/2019,1751,Dec,2019,16
30/12/2019,1752,Dec,2019,12
31/12/2019,1753,Dec,2019,11
1/1/2020,1754,Jan,2020,12
2/1/2020,1755,Jan,2020,12
3/1/2020,1756,Jan,2020,12
4/1/2020,1757,Jan,2020,12
5/1/2020,1758,Jan,2020,14
6/1/2020,1759,Jan,2020,21
7/1/2020,1760,Jan,2020,19
8/1/2020,1761,Jan,2020,12
9/1/2020,1762,Jan,2020,12
10/1/2020,1763,Jan,2020,15
11/1/2020,1764,Jan,2020,16
12/1/2020,1765,Jan,2020,19
13/1/2020,1766,Jan,2020,16
14/1/2020,1767,Jan,2020,12
15/1/2020,1768,Jan,2020,18
16/1/2020,1769,Jan,2020,29
17/1/2020,1770,Jan,2020,32
18/1/2020,1771,Jan,2020,23
19/1/2020,1772,Jan,2020,21
20/1/2020,1773,Jan,2020,16
21/1/2020,1774,Jan,2020,14
22/1/2020,1775,Jan,2020,13
23/1/2020,1776,Jan,2020,11
24/1/2020,1777,Jan,2020,15
25/1/2020,1778,Jan,2020,17
26/1/2020,1779,Jan,2020,16
27/1/2020,1780,Jan,2020,17
28/1/2020,1781,Jan,2020,17
29/1/2020,1782,Jan,2020,14
30/1/2020,1783,Jan,2020,14
31/1/2020,1784,Jan,2020,16
1/2/2020,1785,Feb,2020,18
2/2/2020,1786,Feb,2020,18
4/2/2020,1787,Feb,2020,25
5/2/2020,1788,Feb,2020,17
6/2/2020,1789,Feb,2020,16
7/2/2020,1790,Feb,2020,21
8/2/2020,1791,Feb,2020,22
9/2/2020,1792,Feb,2020,17
10/2/2020,1793,Feb,2020,17
11/2/2020,1794,Feb,2020,14
12/2/2020,1795,Feb,2020,13
13/2/2020,1796,Feb,2020,13
16/2/2020,1797,Feb,2020,16
17/2/2020,1798,Feb,2020,14
18/2/2020,1799,Feb,2020,14
19/2/2020,1800,Feb,2020,17
20/2/2020,1801,Feb,2020,19
21/2/2020,1802,Feb,2020,16
22/2/2020,1803,Feb,2020,19
23/2/2020,1804,Feb,2020,15
24/2/2020,1805,Feb,2020,16
25/2/2020,1806,Feb,2020,16
26/2/2020,1807,Feb,2020,15
27/2/2020,1808,Feb,2020,14
28/2/2020,1809,Feb,2020,13
29/2/2020,1810,Feb,2020,14
1/3/2020,1811,Mar,2020,16
2/3/2020,1812,Mar,2020,14
3/3/2020,1813,Mar,2020,14
4/3/2020,1814,Mar,2020,13
5/3/2020,1815,Mar,2020,13
6/3/2020,1816,Mar,2020,13
7/3/2020,1817,Mar,2020,17
8/3/2020,1818,Mar,2020,20
9/3/2020,1819,Mar,2020,32
10/3/2020,1820,Mar,2020,33
11/3/2020,1821,Mar,2020,29
12/3/2020,1822,Mar,2020,22
13/3/2020,1823,Mar,2020,13
14/3/2020,1824,Mar,2020,10
15/3/2020,1825,Mar,2020,11
16/3/2020,1826,Mar,2020,11
17/3/2020,1827,Mar,2020,15
18/3/2020,1828,Mar,2020,16
19/3/2020,1829,Mar,2020,16
20/3/2020,1830,Mar,2020,12
21/3/2020,1831,Mar,2020,13
22/3/2020,1832,Mar,2020,17
23/3/2020,1833,Mar,2020,15
24/3/2020,1834,Mar,2020,14
25/3/2020,1835,Mar,2020,12
26/3/2020,1836,Mar,2020,11
27/3/2020,1837,Mar,2020,13
28/3/2020,1838,Mar,2020,15
29/3/2020,1839,Mar,2020,17
30/3/2020,1840,Mar,2020,14
31/3/2020,1841,Mar,2020,15
1/4/2020,1842,Apr,2020,14
2/4/2020,1843,Apr,2020,14
3/4/2020,1844,Apr,2020,10
4/4/2020,1845,Apr,2020,11
5/4/2020,1846,Apr,2020,13
6/4/2020,1847,Apr,2020,13
7/4/2020,1848,Apr,2020,12
8/4/2020,1849,Apr,2020,17
9/4/2020,1850,Apr,2020,14
10/4/2020,1851,Apr,2020,12
11/4/2020,1852,Apr,2020,11
12/4/2020,1853,Apr,2020,13
13/4/2020,1854,Apr,2020,12
14/4/2020,1855,Apr,2020,12
15/4/2020,1856,Apr,2020,11
16/4/2020,1857,Apr,2020,11
17/4/2020,1858,Apr,2020,20
18/4/2020,1859,Apr,2020,14
19/4/2020,1860,Apr,2020,14
20/4/2020,1861,Apr,2020,13
21/4/2020,1862,Apr,2020,12
22/4/2020,1863,Apr,2020,11
23/4/2020,1864,Apr,2020,10
24/4/2020,1865,Apr,2020,17
25/4/2020,1866,Apr,2020,11
26/4/2020,1867,Apr,2020,9
27/4/2020,1868,Apr,2020,6
28/4/2020,1869,Apr,2020,6
29/4/2020,1870,Apr,2020,10
30/4/2020,1871,Apr,2020,7
1/5/2020,1872,May,2020,10
2/5/2020,1873,May,2020,14
3/5/2020,1874,May,2020,16
4/5/2020,1875,May,2020,14
5/5/2020,1876,May,2020,23
6/5/2020,1877,May,2020,18
7/5/2020,1878,May,2020,21
8/5/2020,1879,May,2020,20
9/5/2020,1880,May,2020,21
10/5/2020,1881,May,2020,17
11/5/2020,1882,May,2020,16
12/5/2020,1883,May,2020,15
13/5/2020,1884,May,2020,17
14/5/2020,1885,May,2020,18
15/5/2020,1886,May,2020,18
16/5/2020,1887,May,2020,16
17/5/2020,1888,May,2020,17
18/5/2020,1889,May,2020,15
19/5/2020,1890,May,2020,14
20/5/2020,1891,May,2020,17
21/5/2020,1892,May,2020,19
22/5/2020,1893,May,2020,20
23/5/2020,1894,May,2020,19
24/5/2020,1895,May,2020,21
25/5/2020,1896,May,2020,16
26/5/2020,1897,May,2020,21
27/5/2020,1898,May,2020,18
28/5/2020,1899,May,2020,19
29/5/2020,1900,May,2020,21
30/5/2020,1901,May,2020,17
31/5/2020,1902,May,2020,20
1/6/2020,1903,Jun,2020,19
2/6/2020,1904,Jun,2020,16
3/6/2020,1905,Jun,2020,19
4/6/2020,1906,Jun,2020,23
5/6/2020,1907,Jun,2020,14
6/6/2020,1908,Jun,2020,13
7/6/2020,1909,Jun,2020,18
8/6/2020,1910,Jun,2020,14
9/6/2020,1911,Jun,2020,19
10/6/2020,1912,Jun,2020,25
11/6/2020,1913,Jun,2020,23
12/6/2020,1914,Jun,2020,18
13/6/2020,1915,Jun,2020,20
14/6/2020,1916,Jun,2020,19
15/6/2020,1917,Jun,2020,20
16/6/2020,1918,Jun,2020,21
17/6/2020,1919,Jun,2020,18
18/6/2020,1920,Jun,2020,12
19/6/2020,1921,Jun,2020,17
20/6/2020,1922,Jun,2020,17
21/6/2020,1923,Jun,2020,18
22/6/2020,1924,Jun,2020,22
23/6/2020,1925,Jun,2020,21
24/6/2020,1926,Jun,2020,20
25/6/2020,1927,Jun,2020,17
26/6/2020,1928,Jun,2020,14
27/6/2020,1929,Jun,2020,17
28/6/2020,1930,Jun,2020,31
29/6/2020,1931,Jun,2020,31
30/6/2020,1932,Jun,2020,23
1/7/2020,1933,Jul,2020,28
2/7/2020,1934,Jul,2020,29
3/7/2020,1935,Jul,2020,30
4/7/2020,1936,Jul,2020,32
5/7/2020,1937,Jul,2020,24
6/7/2020,1938,Jul,2020,18
7/7/2020,1939,Jul,2020,16
8/7/2020,1940,Jul,2020,15
9/7/2020,1941,Jul,2020,13
10/7/2020,1942,Jul,2020,13
11/7/2020,1943,Jul,2020,16
12/7/2020,1944,Jul,2020,13
13/7/2020,1945,Jul,2020,21
14/7/2020,1946,Jul,2020,15
15/7/2020,1947,Jul,2020,19
16/7/2020,1948,Jul,2020,23
17/7/2020,1949,Jul,2020,21
18/7/2020,1950,Jul,2020,18
19/7/2020,1951,Jul,2020,15
20/7/2020,1952,Jul,2020,17
21/7/2020,1953,Jul,2020,19
22/7/2020,1954,Jul,2020,19
23/7/2020,1955,Jul,2020,17
24/7/2020,1956,Jul,2020,15
25/7/2020,1957,Jul,2020,13
26/7/2020,1958,Jul,2020,14
27/7/2020,1959,Jul,2020,18
28/7/2020,1960,Jul,2020,25
29/7/2020,1961,Jul,2020,16
30/7/2020,1962,Jul,2020,16
31/7/2020,1963,Jul,2020,17
1/8/2020,1964,Aug,2020,14
2/8/2020,1965,Aug,2020,13
3/8/2020,1966,Aug,2020,20
4/8/2020,1967,Aug,2020,36
5/8/2020,1968,Aug,2020,31
6/8/2020,1969,Aug,2020,29
7/8/2020,1970,Aug,2020,29
8/8/2020,1971,Aug,2020,29
9/8/2020,1972,Aug,2020,17
10/8/2020,1973,Aug,2020,15
11/8/2020,1974,Aug,2020,15
12/8/2020,1975,Aug,2020,15
13/8/2020,1976,Aug,2020,11
14/8/2020,1977,Aug,2020,16
15/8/2020,1978,Aug,2020,22
16/8/2020,1979,Aug,2020,22
17/8/2020,1980,Aug,2020,22
18/8/2020,1981,Aug,2020,22
19/8/2020,1982,Aug,2020,22
20/8/2020,1983,Aug,2020,20
21/8/2020,1984,Aug,2020,22
22/8/2020,1985,Aug,2020,20
30/8/2020,1986,Aug,2020,18
31/8/2020,1987,Aug,2020,24
1/9/2020,1988,Sep,2020,22
4/9/2020,1989,Sep,2020,21
5/9/2020,1990,Sep,2020,21
6/9/2020,1991,Sep,2020,20
7/9/2020,1992,Sep,2020,22
8/9/2020,1993,Sep,2020,22
9/9/2020,1994,Sep,2020,21
10/9/2020,1995,Sep,2020,22
11/9/2020,1996,Sep,2020,22
12/9/2020,1997,Sep,2020,22
13/9/2020,1998,Sep,2020,24
14/9/2020,1999,Sep,2020,19
15/9/2020,2000,Sep,2020,23
16/9/2020,2001,Sep,2020,23
17/9/2020,2002,Sep,2020,21
18/9/2020,2003,Sep,2020,22
19/9/2020,2004,Sep,2020,23
20/9/2020,2005,Sep,2020,23
21/9/2020,2006,Sep,2020,21
22/9/2020,2007,Sep,2020,23
23/9/2020,2008,Sep,2020,22
24/9/2020,2009,Sep,2020,22
25/9/2020,2010,Sep,2020,21
26/9/2020,2011,Sep,2020,22
27/9/2020,2012,Sep,2020,21
28/9/2020,2013,Sep,2020,22
29/9/2020,2014,Sep,2020,22
30/9/2020,2015,Sep,2020,22
1/10/2020,2016,Oct,2020,22
2/10/2020,2017,Oct,2020,21
3/10/2020,2018,Oct,2020,21
4/10/2020,2019,Oct,2020,23
5/10/2020,2020,Oct,2020,21
6/10/2020,2021,Oct,2020,25
7/10/2020,2022,Oct,2020,22
8/10/2020,2023,Oct,2020,22
9/10/2020,2024,Oct,2020,22
10/10/2020,2025,Oct,2020,22
11/10/2020,2026,Oct,2020,20
12/10/2020,2027,Oct,2020,23
13/10/2020,2028,Oct,2020,19
14/10/2020,2029,Oct,2020,22
15/10/2020,2030,Oct,2020,23
16/10/2020,2031,Oct,2020,24
17/10/2020,2032,Oct,2020,22
18/10/2020,2033,Oct,2020,23
19/10/2020,2034,Oct,2020,22
20/10/2020,2035,Oct,2020,23
21/10/2020,2036,Oct,2020,22
22/10/2020,2037,Oct,2020,22
23/10/2020,2038,Oct,2020,22
24/10/2020,2039,Oct,2020,22
25/10/2020,2040,Oct,2020,22
26/10/2020,2041,Oct,2020,23
27/10/2020,2042,Oct,2020,22
28/10/2020,2043,Oct,2020,23
29/10/2020,2044,Oct,2020,23
30/10/2020,2045,Oct,2020,20
31/10/2020,2046,Oct,2020,21
1/11/2020,2047,Nov,2020,22
2/11/2020,2048,Nov,2020,21
3/11/2020,2049,Nov,2020,24
4/11/2020,2050,Nov,2020,22
5/11/2020,2051,Nov,2020,23
6/11/2020,2052,Nov,2020,25
7/11/2020,2053,Nov,2020,22
8/11/2020,2054,Nov,2020,23
9/11/2020,2055,Nov,2020,23
10/11/2020,2056,Nov,2020,26
11/11/2020,2057,Nov,2020,38
12/11/2020,2058,Nov,2020,34
13/11/2020,2059,Nov,2020,25
14/11/2020,2060,Nov,2020,27
15/11/2020,2061,Nov,2020,24
16/11/2020,2062,Nov,2020,30
17/11/2020,2063,Nov,2020,25
18/11/2020,2064,Nov,2020,24
19/11/2020,2065,Nov,2020,25
20/11/2020,2066,Nov,2020,26
21/11/2020,2067,Nov,2020,26
22/11/2020,2068,Nov,2020,23
23/11/2020,2069,Nov,2020,24
24/11/2020,2070,Nov,2020,26
25/11/2020,2071,Nov,2020,26
26/11/2020,2072,Nov,2020,24
27/11/2020,2073,Nov,2020,24
28/11/2020,2074,Nov,2020,29
29/11/2020,2075,Nov,2020,27
30/11/2020,2076,Nov,2020,24
1/12/2020,2077,Dec,2020,23
2/12/2020,2078,Dec,2020,23
3/12/2020,2079,Dec,2020,24
4/12/2020,2080,Dec,2020,30
5/12/2020,2081,Dec,2020,31
6/12/2020,2082,Dec,2020,31
7/12/2020,2083,Dec,2020,35
8/12/2020,2084,Dec,2020,34
9/12/2020,2085,Dec,2020,35
10/12/2020,2086,Dec,2020,32
11/12/2020,2087,Dec,2020,38
12/12/2020,2088,Dec,2020,44
13/12/2020,2089,Dec,2020,31
14/12/2020,2090,Dec,2020,27
15/12/2020,2091,Dec,2020,25
16/12/2020,2092,Dec,2020,25
17/12/2020,2093,Dec,2020,24
18/12/2020,2094,Dec,2020,27
19/12/2020,2095,Dec,2020,27
20/12/2020,2096,Dec,2020,25
21/12/2020,2097,Dec,2020,28
22/12/2020,2098,Dec,2020,32
23/12/2020,2099,Dec,2020,28
24/12/2020,2100,Dec,2020,20
25/12/2020,2101,Dec,2020,11
26/12/2020,2102,Dec,2020,8
27/12/2020,2103,Dec,2020,13
28/12/2020,2104,Dec,2020,13
29/12/2020,2105,Dec,2020,16
30/12/2020,2106,Dec,2020,19
31/12/2020,2107,Dec,2020,17
1/1/2021,2108,Jan,2021,20
2/1/2021,2109,Jan,2021,16
3/1/2021,2110,Jan,2021,15
4/1/2021,2111,Jan,2021,12
5/1/2021,2112,Jan,2021,14
6/1/2021,2113,Jan,2021,11
7/1/2021,2114,Jan,2021,11
8/1/2021,2115,Jan,2021,12
9/1/2021,2116,Jan,2021,13
10/1/2021,2117,Jan,2021,16
11/1/2021,2118,Jan,2021,14
12/1/2021,2119,Jan,2021,14
13/1/2021,2120,Jan,2021,20
14/1/2021,2121,Jan,2021,21
15/1/2021,2122,Jan,2021,23
16/1/2021,2123,Jan,2021,18
17/1/2021,2124,Jan,2021,19
18/1/2021,2125,Jan,2021,21
19/1/2021,2126,Jan,2021,23
20/1/2021,2127,Jan,2021,17
21/1/2021,2128,Jan,2021,29
22/1/2021,2129,Jan,2021,34
23/1/2021,2130,Jan,2021,22
24/1/2021,2131,Jan,2021,15
25/1/2021,2132,Jan,2021,13
26/1/2021,2133,Jan,2021,18
27/1/2021,2134,Jan,2021,12
28/1/2021,2135,Jan,2021,14
29/1/2021,2136,Jan,2021,16
30/1/2021,2137,Jan,2021,19
31/1/2021,2138,Jan,2021,21
1/2/2021,2139,Feb,2021,16
2/2/2021,2140,Feb,2021,17
3/2/2021,2141,Feb,2021,19
4/2/2021,2142,Feb,2021,14
5/2/2021,2143,Feb,2021,13
6/2/2021,2144,Feb,2021,15
7/2/2021,2145,Feb,2021,14
8/2/2021,2146,Feb,2021,13
9/2/2021,2147,Feb,2021,12
10/2/2021,2148,Feb,2021,14
11/2/2021,2149,Feb,2021,13
12/2/2021,2150,Feb,2021,12
13/2/2021,2151,Feb,2021,16
14/2/2021,2152,Feb,2021,22
15/2/2021,2153,Feb,2021,23
16/2/2021,2154,Feb,2021,26
17/2/2021,2155,Feb,2021,26
18/2/2021,2156,Feb,2021,16
19/2/2021,2157,Feb,2021,16
20/2/2021,2158,Feb,2021,19
21/2/2021,2159,Feb,2021,18
22/2/2021,2160,Feb,2021,20
23/2/2021,2161,Feb,2021,38
24/2/2021,2162,Feb,2021,37
25/2/2021,2163,Feb,2021,33
26/2/2021,2164,Feb,2021,25
27/2/2021,2165,Feb,2021,24
28/2/2021,2166,Feb,2021,29
1/3/2021,2167,Mar,2021,19
2/3/2021,2168,Mar,2021,19
3/3/2021,2169,Mar,2021,13
4/3/2021,2170,Mar,2021,13
5/3/2021,2171,Mar,2021,13
6/3/2021,2172,Mar,2021,13
7/3/2021,2173,Mar,2021,13
8/3/2021,2174,Mar,2021,11
9/3/2021,2175,Mar,2021,17
10/3/2021,2176,Mar,2021,17
11/3/2021,2177,Mar,2021,14
12/3/2021,2178,Mar,2021,15
13/3/2021,2179,Mar,2021,17
14/3/2021,2180,Mar,2021,17
15/3/2021,2181,Mar,2021,16
16/3/2021,2182,Mar,2021,15
17/3/2021,2183,Mar,2021,19
18/3/2021,2184,Mar,2021,22
19/3/2021,2185,Mar,2021,18
20/3/2021,2186,Mar,2021,18
21/3/2021,2187,Mar,2021,16
22/3/2021,2188,Mar,2021,11
23/3/2021,2189,Mar,2021,15
24/3/2021,2190,Mar,2021,14
25/3/2021,2191,Mar,2021,13
26/3/2021,2192,Mar,2021,14
27/3/2021,2193,Mar,2021,12
28/3/2021,2194,Mar,2021,10
29/3/2021,2195,Mar,2021,12
30/3/2021,2196,Mar,2021,15
31/3/2021,2197,Mar,2021,12
1/4/2021,2198,Apr,2021,17
2/4/2021,2199,Apr,2021,17
3/4/2021,2200,Apr,2021,23
4/4/2021,2201,Apr,2021,19
5/4/2021,2202,Apr,2021,17
6/4/2021,2203,Apr,2021,12
7/4/2021,2204,Apr,2021,16
8/4/2021,2205,Apr,2021,21
9/4/2021,2206,Apr,2021,22
10/4/2021,2207,Apr,2021,24
11/4/2021,2208,Apr,2021,23
12/4/2021,2209,Apr,2021,16
13/4/2021,2210,Apr,2021,17
14/4/2021,2211,Apr,2021,16
15/4/2021,2212,Apr,2021,19
16/4/2021,2213,Apr,2021,21
17/4/2021,2214,Apr,2021,18
18/4/2021,2215,Apr,2021,13
19/4/2021,2216,Apr,2021,14
20/4/2021,2217,Apr,2021,14
21/4/2021,2218,Apr,2021,14
22/4/2021,2219,Apr,2021,19
23/4/2021,2220,Apr,2021,20
24/4/2021,2221,Apr,2021,15
25/4/2021,2222,Apr,2021,15
26/4/2021,2223,Apr,2021,18
27/4/2021,2224,Apr,2021,12
28/4/2021,2225,Apr,2021,16
29/4/2021,2226,Apr,2021,20
30/4/2021,2227,Apr,2021,20
1/5/2021,2228,May,2021,18
2/5/2021,2229,May,2021,15
3/5/2021,2230,May,2021,15
4/5/2021,2231,May,2021,13
5/5/2021,2232,May,2021,10
6/5/2021,2233,May,2021,12
7/5/2021,2234,May,2021,9
8/5/2021,2235,May,2021,13
9/5/2021,2236,May,2021,14
10/5/2021,2237,May,2021,15
11/5/2021,2238,May,2021,11
12/5/2021,2239,May,2021,19
13/5/2021,2240,May,2021,20
14/5/2021,2241,May,2021,17
15/5/2021,2242,May,2021,15
16/5/2021,2243,May,2021,20
17/5/2021,2244,May,2021,18
18/5/2021,2245,May,2021,14
19/5/2021,2246,May,2021,16
20/5/2021,2247,May,2021,15
21/5/2021,2248,May,2021,16
22/5/2021,2249,May,2021,16
23/5/2021,2250,May,2021,16
24/5/2021,2251,May,2021,18
25/5/2021,2252,May,2021,16
26/5/2021,2253,May,2021,14
27/5/2021,2254,May,2021,14
28/5/2021,2255,May,2021,15
29/5/2021,2256,May,2021,16
30/5/2021,2257,May,2021,21
31/5/2021,2258,May,2021,23
1/6/2021,2259,Jun,2021,26
2/6/2021,2260,Jun,2021,25
3/6/2021,2261,Jun,2021,24
4/6/2021,2262,Jun,2021,23
5/6/2021,2263,Jun,2021,20
6/6/2021,2264,Jun,2021,18
7/6/2021,2265,Jun,2021,17
8/6/2021,2266,Jun,2021,21
9/6/2021,2267,Jun,2021,20
10/6/2021,2268,Jun,2021,22
11/6/2021,2269,Jun,2021,18
12/6/2021,2270,Jun,2021,16
13/6/2021,2271,Jun,2021,25
14/6/2021,2272,Jun,2021,21
15/6/2021,2273,Jun,2021,18
16/6/2021,2274,Jun,2021,21
17/6/2021,2275,Jun,2021,20
18/6/2021,2276,Jun,2021,21
19/6/2021,2277,Jun,2021,23
20/6/2021,2278,Jun,2021,20
21/6/2021,2279,Jun,2021,14
22/6/2021,2280,Jun,2021,22
23/6/2021,2281,Jun,2021,14
24/6/2021,2282,Jun,2021,19
25/6/2021,2283,Jun,2021,14
26/6/2021,2284,Jun,2021,16
27/6/2021,2285,Jun,2021,19
28/6/2021,2286,Jun,2021,16
30/6/2021,2287,Jun,2021,18
30/6/2021,2288,Jun,2021,14
1/7/2021,2289,Jul,2021,17
2/7/2021,2290,Jul,2021,19
3/7/2021,2291,Jul,2021,17
4/7/2021,2292,Jul,2021,16
5/7/2021,2293,Jul,2021,15
6/7/2021,2294,Jul,2021,15
7/7/2021,2295,Jul,2021,15
8/7/2021,2296,Jul,2021,18
9/7/2021,2297,Jul,2021,17
10/7/2021,2298,Jul,2021,10
11/7/2021,2299,Jul,2021,11
12/7/2021,2300,Jul,2021,17
13/7/2021,2301,Jul,2021,15
14/7/2021,2302,Jul,2021,19
15/7/2021,2303,Jul,2021,18
16/7/2021,2304,Jul,2021,15
17/7/2021,2305,Jul,2021,26
18/7/2021,2306,Jul,2021,31
19/7/2021,2307,Jul,2021,31
20/7/2021,2308,Jul,2021,24
21/7/2021,2309,Jul,2021,30
22/7/2021,2310,Jul,2021,26
23/7/2021,2311,Jul,2021,27
24/7/2021,2312,Jul,2021,19
25/7/2021,2313,Jul,2021,18
26/7/2021,2314,Jul,2021,20
27/7/2021,2315,Jul,2021,15
28/7/2021,2316,Jul,2021,14
29/7/2021,2317,Jul,2021,17
30/7/2021,2318,Jul,2021,12
31/7/2021,2319,Jul,2021,15
1/8/2021,2320,Aug,2021,11
2/8/2021,2321,Aug,2021,14
3/8/2021,2322,Aug,2021,14
4/8/2021,2323,Aug,2021,11
5/8/2021,2324,Aug,2021,13
6/8/2021,2325,Aug,2021,21
7/8/2021,2326,Aug,2021,18
8/8/2021,2327,Aug,2021,13
9/8/2021,2328,Aug,2021,15
10/8/2021,2329,Aug,2021,11
11/8/2021,2330,Aug,2021,14
12/8/2021,2331,Aug,2021,18
13/8/2021,2332,Aug,2021,18
14/8/2021,2333,Aug,2021,19
15/8/2021,2334,Aug,2021,17
16/8/2021,2335,Aug,2021,14
17/8/2021,2336,Aug,2021,14
18/8/2021,2337,Aug,2021,17
19/8/2021,2338,Aug,2021,16
20/8/2021,2339,Aug,2021,15
21/8/2021,2340,Aug,2021,17
22/8/2021,2341,Aug,2021,13
23/8/2021,2342,Aug,2021,14
24/8/2021,2343,Aug,2021,13
25/8/2021,2344,Aug,2021,15
26/8/2021,2345,Aug,2021,12
27/8/2021,2346,Aug,2021,18
28/8/2021,2347,Aug,2021,21
29/8/2021,2348,Aug,2021,20
30/8/2021,2349,Aug,2021,18
31/8/2021,2350,Aug,2021,15
1/9/2021,2351,Sep,2021,19
2/9/2021,2352,Sep,2021,18
3/9/2021,2353,Sep,2021,22
4/9/2021,2354,Sep,2021,23
5/9/2021,2355,Sep,2021,23
6/9/2021,2356,Sep,2021,22
7/9/2021,2357,Sep,2021,20
8/9/2021,2358,Sep,2021,16
9/9/2021,2359,Sep,2021,11
10/9/2021,2360,Sep,2021,17
11/9/2021,2361,Sep,2021,15
12/9/2021,2362,Sep,2021,17
13/9/2021,2363,Sep,2021,12
14/9/2021,2364,Sep,2021,20
15/9/2021,2365,Sep,2021,17
16/9/2021,2366,Sep,2021,21
17/9/2021,2367,Sep,2021,22
18/9/2021,2368,Sep,2021,21
19/9/2021,2369,Sep,2021,16
20/9/2021,2370,Sep,2021,10
21/9/2021,2371,Sep,2021,15
22/9/2021,2372,Sep,2021,14
23/9/2021,2373,Sep,2021,19
24/9/2021,2374,Sep,2021,22
25/9/2021,2375,Sep,2021,17
26/9/2021,2376,Sep,2021,11
27/9/2021,2377,Sep,2021,13
28/9/2021,2378,Sep,2021,10
29/9/2021,2379,Sep,2021,17
30/9/2021,2380,Sep,2021,16
1/10/2021,2381,Oct,2021,14
2/10/2021,2382,Oct,2021,17
3/10/2021,2383,Oct,2021,21
4/10/2021,2384,Oct,2021,18
5/10/2021,2385,Oct,2021,17
6/10/2021,2386,Oct,2021,15
7/10/2021,2387,Oct,2021,12
8/10/2021,2388,Oct,2021,10
9/10/2021,2389,Oct,2021,16
10/10/2021,2390,Oct,2021,14
11/10/2021,2391,Oct,2021,19
12/10/2021,2392,Oct,2021,19
13/10/2021,2393,Oct,2021,16
14/10/2021,2394,Oct,2021,18
15/10/2021,2395,Oct,2021,25
16/10/2021,2396,Oct,2021,20
17/10/2021,2397,Oct,2021,13
18/10/2021,2398,Oct,2021,17
19/10/2021,2399,Oct,2021,11
20/10/2021,2400,Oct,2021,18
21/10/2021,2401,Oct,2021,15
22/10/2021,2402,Oct,2021,18
23/10/2021,2403,Oct,2021,21
24/10/2021,2404,Oct,2021,16
25/10/2021,2405,Oct,2021,20
26/10/2021,2406,Oct,2021,17
27/10/2021,2407,Oct,2021,14
28/10/2021,2408,Oct,2021,16
29/10/2021,2409,Oct,2021,12
30/10/2021,2410,Oct,2021,13
31/10/2021,2411,Oct,2021,13
1/11/2021,2412,Nov,2021,12
2/11/2021,2413,Nov,2021,17
3/11/2021,2414,Nov,2021,12
4/11/2021,2415,Nov,2021,12
5/11/2021,2416,Nov,2021,9
6/11/2021,2417,Nov,2021,14
7/11/2021,2418,Nov,2021,10
8/11/2021,2419,Nov,2021,13
9/11/2021,2420,Nov,2021,10
10/11/2021,2421,Nov,2021,10
11/11/2021,2422,Nov,2021,9
12/11/2021,2423,Nov,2021,9
13/11/2021,2424,Nov,2021,15
14/11/2021,2425,Nov,2021,16
15/11/2021,2426,Nov,2021,16
16/11/2021,2427,Nov,2021,11
17/11/2021,2428,Nov,2021,8
18/11/2021,2429,Nov,2021,11
19/11/2021,2430,Nov,2021,13
20/11/2021,2431,Nov,2021,13
21/11/2021,2432,Nov,2021,17
22/11/2021,2433,Nov,2021,13
23/11/2021,2434,Nov,2021,11
24/11/2021,2435,Nov,2021,8
25/11/2021,2436,Nov,2021,9
26/11/2021,2437,Nov,2021,9
27/11/2021,2438,Nov,2021,11
28/11/2021,2439,Nov,2021,10
29/11/2021,2440,Nov,2021,12
30/11/2021,2441,Nov,2021,11
1/12/2021,2442,Dec,2021,11
2/12/2021,2443,Dec,2021,11
3/12/2021,2444,Dec,2021,15
4/12/2021,2445,Dec,2021,17
5/12/2021,2446,Dec,2021,17
6/12/2021,2447,Dec,2021,18
7/12/2021,2448,Dec,2021,15
8/12/2021,2449,Dec,2021,14
9/12/2021,2450,Dec,2021,20
10/12/2021,2451,Dec,2021,15
11/12/2021,2452,Dec,2021,15
12/12/2021,2453,Dec,2021,16
13/12/2021,2454,Dec,2021,15
14/12/2021,2455,Dec,2021,15
15/12/2021,2456,Dec,2021,18
16/12/2021,2457,Dec,2021,26
17/12/2021,2458,Dec,2021,19
18/12/2021,2459,Dec,2021,17
19/12/2021,2460,Dec,2021,18
20/12/2021,2461,Dec,2021,15
21/12/2021,2462,Dec,2021,18
22/12/2021,2463,Dec,2021,15
23/12/2021,2464,Dec,2021,19
24/12/2021,2465,Dec,2021,17
25/12/2021,2466,Dec,2021,14
26/12/2021,2467,Dec,2021,14
27/12/2021,2468,Dec,2021,18
28/12/2021,2469,Dec,2021,17
29/12/2021,2470,Dec,2021,10
30/12/2021,2471,Dec,2021,13
31/12/2021,2472,Dec,2021,15
1/1/2022,2473,Jan,2022,17
2/1/2022,2474,Jan,2022,16
3/1/2022,2475,Jan,2022,14
4/1/2022,2476,Jan,2022,15
5/1/2022,2477,Jan,2022,13
6/1/2022,2478,Jan,2022,16
7/1/2022,2479,Jan,2022,12
8/1/2022,2480,Jan,2022,13
9/1/2022,2481,Jan,2022,17
10/1/2022,2482,Jan,2022,21
11/1/2022,2483,Jan,2022,19
12/1/2022,2484,Jan,2022,13
13/1/2022,2485,Jan,2022,14
14/1/2022,2486,Jan,2022,16
15/1/2022,2487,Jan,2022,15
16/1/2022,2488,Jan,2022,16
17/1/2022,2489,Jan,2022,18
18/1/2022,2490,Jan,2022,20
19/1/2022,2491,Jan,2022,16
20/1/2022,2492,Jan,2022,15
21/1/2022,2493,Jan,2022,13
22/1/2022,2494,Jan,2022,15
23/1/2022,2495,Jan,2022,21
24/1/2022,2496,Jan,2022,22
25/1/2022,2497,Jan,2022,23
26/1/2022,2498,Jan,2022,19
27/1/2022,2499,Jan,2022,18
28/1/2022,2500,Jan,2022,21
29/1/2022,2501,Jan,2022,25
30/1/2022,2502,Jan,2022,26
31/1/2022,2503,Jan,2022,23
1/2/2022,2504,Feb,2022,15
2/2/2022,2505,Feb,2022,12
4/2/2022,2506,Feb,2022,15
5/2/2022,2507,Feb,2022,14
6/2/2022,2508,Feb,2022,15
7/2/2022,2509,Feb,2022,14
8/2/2022,2510,Feb,2022,15
9/2/2022,2511,Feb,2022,15
10/2/2022,2512,Feb,2022,18
11/2/2022,2513,Feb,2022,19
12/2/2022,2514,Feb,2022,20
13/2/2022,2515,Feb,2022,15
14/2/2022,2516,Feb,2022,8
15/2/2022,2517,Feb,2022,10
16/2/2022,2518,Feb,2022,12
17/2/2022,2519,Feb,2022,12
18/2/2022,2520,Feb,2022,11
19/2/2022,2521,Feb,2022,13
20/2/2022,2522,Feb,2022,16
21/2/2022,2523,Feb,2022,16
22/2/2022,2524,Feb,2022,12
23/2/2022,2525,Feb,2022,11
24/2/2022,2526,Feb,2022,12
25/2/2022,2527,Feb,2022,11
26/2/2022,2528,Feb,2022,12
27/2/2022,2529,Feb,2022,13
28/2/2022,2530,Feb,2022,12
1/3/2022,2531,Mar,2022,13
2/3/2022,2532,Mar,2022,13
3/3/2022,2533,Mar,2022,13
4/3/2022,2534,Mar,2022,13
5/3/2022,2535,Mar,2022,14
6/3/2022,2536,Mar,2022,14
7/3/2022,2537,Mar,2022,17
8/3/2022,2538,Mar,2022,13
9/3/2022,2539,Mar,2022,13
10/3/2022,2540,Mar,2022,19
11/3/2022,2541,Mar,2022,26
12/3/2022,2542,Mar,2022,32
13/3/2022,2543,Mar,2022,24
14/3/2022,2544,Mar,2022,13
16/3/2022,2545,Mar,2022,14
17/3/2022,2546,Mar,2022,12
18/3/2022,2547,Mar,2022,14
19/3/2022,2548,Mar,2022,14
20/3/2022,2549,Mar,2022,13
21/3/2022,2550,Mar,2022,14
22/3/2022,2551,Mar,2022,12
23/3/2022,2552,Mar,2022,14
24/3/2022,2553,Mar,2022,15
25/3/2022,2554,Mar,2022,15
26/3/2022,2555,Mar,2022,17
27/3/2022,2556,Mar,2022,20
28/3/2022,2557,Mar,2022,22
30/3/2022,2558,Mar,2022,14
31/3/2022,2559,Mar,2022,20
1/4/2022,2560,Apr,2022,18
2/4/2022,2561,Apr,2022,20
3/4/2022,2562,Apr,2022,15
4/4/2022,2563,Apr,2022,9
5/4/2022,2564,Apr,2022,10
6/4/2022,2565,Apr,2022,11
7/4/2022,2566,Apr,2022,13
8/4/2022,2567,Apr,2022,18
9/4/2022,2568,Apr,2022,17
10/4/2022,2569,Apr,2022,22
11/4/2022,2570,Apr,2022,24
12/4/2022,2571,Apr,2022,29
13/4/2022,2572,Apr,2022,29
14/4/2022,2573,Apr,2022,21
15/4/2022,2574,Apr,2022,22
16/4/2022,2575,Apr,2022,22
17/4/2022,2576,Apr,2022,24
18/4/2022,2577,Apr,2022,19
19/4/2022,2578,Apr,2022,21
20/4/2022,2579,Apr,2022,16
21/4/2022,2580,Apr,2022,17
22/4/2022,2581,Apr,2022,13
23/4/2022,2582,Apr,2022,14
24/4/2022,2583,Apr,2022,14
25/4/2022,2584,Apr,2022,14
26/4/2022,2585,Apr,2022,20
27/4/2022,2586,Apr,2022,14
28/4/2022,2587,Apr,2022,17
29/4/2022,2588,Apr,2022,20
30/4/2022,2589,Apr,2022,15
1/5/2022,2590,May,2022,18
2/5/2022,2591,May,2022,14
3/5/2022,2592,May,2022,14
4/5/2022,2593,May,2022,15
5/5/2022,2594,May,2022,13
6/5/2022,2595,May,2022,16
7/5/2022,2596,May,2022,18
8/5/2022,2597,May,2022,15
9/5/2022,2598,May,2022,12
10/5/2022,2599,May,2022,15
11/5/2022,2600,May,2022,15
12/5/2022,2601,May,2022,20
13/5/2022,2602,May,2022,19
14/5/2022,2603,May,2022,17
15/5/2022,2604,May,2022,15
16/5/2022,2605,May,2022,15
17/5/2022,2606,May,2022,13
18/5/2022,2607,May,2022,17
19/5/2022,2608,May,2022,17
20/5/2022,2609,May,2022,17
21/5/2022,2610,May,2022,18
22/5/2022,2611,May,2022,19
23/5/2022,2612,May,2022,15
24/5/2022,2613,May,2022,17
25/5/2022,2614,May,2022,16
26/5/2022,2615,May,2022,14
27/5/2022,2616,May,2022,16
28/5/2022,2617,May,2022,16
29/5/2022,2618,May,2022,12
30/5/2022,2619,May,2022,17
31/5/2022,2620,May,2022,16
1/6/2022,2621,Jun,2022,12
2/6/2022,2622,Jun,2022,12
3/6/2022,2623,Jun,2022,16
4/6/2022,2624,Jun,2022,18
5/6/2022,2625,Jun,2022,11
6/6/2022,2626,Jun,2022,14
7/6/2022,2627,Jun,2022,17
8/6/2022,2628,Jun,2022,17
9/6/2022,2629,Jun,2022,17
10/6/2022,2630,Jun,2022,15
11/6/2022,2631,Jun,2022,13
12/6/2022,2632,Jun,2022,15
13/6/2022,2633,Jun,2022,15
14/6/2022,2634,Jun,2022,17
15/6/2022,2635,Jun,2022,18
16/6/2022,2636,Jun,2022,17
17/6/2022,2637,Jun,2022,21
18/6/2022,2638,Jun,2022,19
19/6/2022,2639,Jun,2022,14
20/6/2022,2640,Jun,2022,14
21/6/2022,2641,Jun,2022,13
22/6/2022,2642,Jun,2022,14
23/6/2022,2643,Jun,2022,15
24/6/2022,2644,Jun,2022,9
25/6/2022,2645,Jun,2022,16
26/6/2022,2646,Jun,2022,17
27/6/2022,2647,Jun,2022,20
28/6/2022,2648,Jun,2022,18
29/6/2022,2649,Jun,2022,15
30/6/2022,2650,Jun,2022,16
1/7/2022,2651,Jul,2022,21
2/7/2022,2652,Jul,2022,21
3/7/2022,2653,Jul,2022,21
4/7/2022,2654,Jul,2022,21
5/7/2022,2655,Jul,2022,17
6/7/2022,2656,Jul,2022,19
7/7/2022,2657,Jul,2022,21
8/7/2022,2658,Jul,2022,27
9/7/2022,2659,Jul,2022,23
10/7/2022,2660,Jul,2022,21
11/7/2022,2661,Jul,2022,16
12/7/2022,2662,Jul,2022,12
13/7/2022,2663,Jul,2022,14
14/7/2022,2664,Jul,2022,16
15/7/2022,2665,Jul,2022,20
16/7/2022,2666,Jul,2022,25
17/7/2022,2667,Jul,2022,21
18/7/2022,2668,Jul,2022,24
19/7/2022,2669,Jul,2022,21
20/7/2022,2670,Jul,2022,23
21/7/2022,2671,Jul,2022,20
22/7/2022,2672,Jul,2022,17
23/7/2022,2673,Jul,2022,22
24/7/2022,2674,Jul,2022,17
25/7/2022,2675,Jul,2022,15
26/7/2022,2676,Jul,2022,18
27/7/2022,2677,Jul,2022,17
28/7/2022,2678,Jul,2022,18
29/7/2022,2679,Jul,2022,20
30/7/2022,2680,Jul,2022,17
31/7/2022,2681,Jul,2022,16
1/8/2022,2682,Aug,2022,15
2/8/2022,2683,Aug,2022,16
3/8/2022,2684,Aug,2022,15
4/8/2022,2685,Aug,2022,19
5/8/2022,2686,Aug,2022,18
6/8/2022,2687,Aug,2022,18
7/8/2022,2688,Aug,2022,19
8/8/2022,2689,Aug,2022,25
9/8/2022,2690,Aug,2022,24
10/8/2022,2691,Aug,2022,17
11/8/2022,2692,Aug,2022,20
12/8/2022,2693,Aug,2022,24
13/8/2022,2694,Aug,2022,18
14/8/2022,2695,Aug,2022,19
15/8/2022,2696,Aug,2022,14
16/8/2022,2697,Aug,2022,16
17/8/2022,2698,Aug,2022,14
18/8/2022,2699,Aug,2022,14
19/8/2022,2700,Aug,2022,19
20/8/2022,2701,Aug,2022,16
21/8/2022,2702,Aug,2022,13
22/8/2022,2703,Aug,2022,12
23/8/2022,2704,Aug,2022,18
24/8/2022,2705,Aug,2022,14
25/8/2022,2706,Aug,2022,16
26/8/2022,2707,Aug,2022,18
27/8/2022,2708,Aug,2022,14
28/8/2022,2709,Aug,2022,11
29/8/2022,2710,Aug,2022,19
30/8/2022,2711,Aug,2022,19
31/8/2022,2712,Aug,2022,16
1/9/2022,2713,Sep,2022,17
2/9/2022,2714,Sep,2022,13
3/9/2022,2715,Sep,2022,12
4/9/2022,2716,Sep,2022,12
5/9/2022,2717,Sep,2022,19
6/9/2022,2718,Sep,2022,15
7/9/2022,2719,Sep,2022,14
8/9/2022,2720,Sep,2022,13
9/9/2022,2721,Sep,2022,16
10/9/2022,2722,Sep,2022,17
11/9/2022,2723,Sep,2022,19
12/9/2022,2724,Sep,2022,20
13/9/2022,2725,Sep,2022,16
14/9/2022,2726,Sep,2022,17
15/9/2022,2727,Sep,2022,19
16/9/2022,2728,Sep,2022,17
17/9/2022,2729,Sep,2022,15
18/9/2022,2730,Sep,2022,14
19/9/2022,2731,Sep,2022,16
20/9/2022,2732,Sep,2022,18
21/9/2022,2733,Sep,2022,16
22/9/2022,2734,Sep,2022,14
23/9/2022,2735,Sep,2022,16
24/9/2022,2736,Sep,2022,15
25/9/2022,2737,Sep,2022,17
26/9/2022,2738,Sep,2022,19
27/9/2022,2739,Sep,2022,21
28/9/2022,2740,Sep,2022,11
29/9/2022,2741,Sep,2022,13
30/9/2022,2742,Sep,2022,12
1/10/2022,2743,Oct,2022,12
2/10/2022,2744,Oct,2022,14
3/10/2022,2745,Oct,2022,13
4/10/2022,2746,Oct,2022,10
5/10/2022,2747,Oct,2022,10
6/10/2022,2748,Oct,2022,10
7/10/2022,2749,Oct,2022,16
8/10/2022,2750,Oct,2022,13
9/10/2022,2751,Oct,2022,14
10/10/2022,2752,Oct,2022,14
11/10/2022,2753,Oct,2022,14
12/10/2022,2754,Oct,2022,10
13/10/2022,2755,Oct,2022,14
14/10/2022,2756,Oct,2022,15
15/10/2022,2757,Oct,2022,14
16/10/2022,2758,Oct,2022,9
17/10/2022,2759,Oct,2022,12
18/10/2022,2760,Oct,2022,11
19/10/2022,2761,Oct,2022,12
20/10/2022,2762,Oct,2022,14
21/10/2022,2763,Oct,2022,13
22/10/2022,2764,Oct,2022,10
23/10/2022,2765,Oct,2022,10
24/10/2022,2766,Oct,2022,13
25/10/2022,2767,Oct,2022,14
26/10/2022,2768,Oct,2022,13
27/10/2022,2769,Oct,2022,18
28/10/2022,2770,Oct,2022,17
29/10/2022,2771,Oct,2022,9
30/10/2022,2772,Oct,2022,10
31/10/2022,2773,Oct,2022,14
1/11/2022,2774,Nov,2022,19
2/11/2022,2775,Nov,2022,19
3/11/2022,2776,Nov,2022,16
4/11/2022,2777,Nov,2022,12
5/11/2022,2778,Nov,2022,12
6/11/2022,2779,Nov,2022,12
7/11/2022,2780,Nov,2022,15
8/11/2022,2781,Nov,2022,15
9/11/2022,2782,Nov,2022,15
10/11/2022,2783,Nov,2022,15
11/11/2022,2784,Nov,2022,12
12/11/2022,2785,Nov,2022,9
13/11/2022,2786,Nov,2022,9
14/11/2022,2787,Nov,2022,9
15/11/2022,2788,Nov,2022,10
16/11/2022,2789,Nov,2022,12
17/11/2022,2790,Nov,2022,13
18/11/2022,2791,Nov,2022,12
19/11/2022,2792,Nov,2022,9
20/11/2022,2793,Nov,2022,14
21/11/2022,2794,Nov,2022,18
22/11/2022,2795,Nov,2022,12
23/11/2022,2796,Nov,2022,13
24/11/2022,2797,Nov,2022,16
25/11/2022,2798,Nov,2022,17
26/11/2022,2799,Nov,2022,17
27/11/2022,2800,Nov,2022,16
28/11/2022,2801,Nov,2022,16
29/11/2022,2802,Nov,2022,14
30/11/2022,2803,Nov,2022,15
1/12/2022,2804,Dec,2022,12
2/12/2022,2805,Dec,2022,11
3/12/2022,2806,Dec,2022,10
4/12/2022,2807,Dec,2022,10
5/12/2022,2808,Dec,2022,11
6/12/2022,2809,Dec,2022,10
7/12/2022,2810,Dec,2022,11
8/12/2022,2811,Dec,2022,9
9/12/2022,2812,Dec,2022,11
10/12/2022,2813,Dec,2022,14
11/12/2022,2814,Dec,2022,14
12/12/2022,2815,Dec,2022,13
13/12/2022,2816,Dec,2022,17
14/12/2022,2817,Dec,2022,15
15/12/2022,2818,Dec,2022,14
16/12/2022,2819,Dec,2022,14
17/12/2022,2820,Dec,2022,11
18/12/2022,2821,Dec,2022,8
19/12/2022,2822,Dec,2022,7
20/12/2022,2823,Dec,2022,13
21/12/2022,2824,Dec,2022,22
22/12/2022,2825,Dec,2022,22
23/12/2022,2826,Dec,2022,21
24/12/2022,2827,Dec,2022,20
25/12/2022,2828,Dec,2022,17
26/12/2022,2829,Dec,2022,20
27/12/2022,2830,Dec,2022,23
28/12/2022,2831,Dec,2022,26
29/12/2022,2832,Dec,2022,26
30/12/2022,2833,Dec,2022,27
31/12/2022,2834,Dec,2022,24
1/1/2023,2835,Jan,2023,28
2/1/2023,2836,Jan,2023,21
3/1/2023,2837,Jan,2023,17
4/1/2023,2838,Jan,2023,14
5/1/2023,2839,Jan,2023,20
6/1/2023,2840,Jan,2023,19
7/1/2023,2841,Jan,2023,10
8/1/2023,2842,Jan,2023,10
9/1/2023,2843,Jan,2023,12
10/1/2023,2844,Jan,2023,13
11/1/2023,2845,Jan,2023,15
12/1/2023,2846,Jan,2023,15
13/1/2023,2847,Jan,2023,12
14/1/2023,2848,Jan,2023,18
15/1/2023,2849,Jan,2023,17
16/1/2023,2850,Jan,2023,16
17/1/2023,2851,Jan,2023,17
19/1/2023,2852,Jan,2023,19
20/1/2023,2853,Jan,2023,20
21/1/2023,2854,Jan,2023,22
22/1/2023,2855,Jan,2023,13
23/1/2023,2856,Jan,2023,11
24/1/2023,2857,Jan,2023,12
25/1/2023,2858,Jan,2023,14
26/1/2023,2859,Jan,2023,18
27/1/2023,2860,Jan,2023,21
28/1/2023,2861,Jan,2023,18
29/1/2023,2862,Jan,2023,13
30/1/2023,2863,Jan,2023,21
31/1/2023,2864,Jan,2023,16
1/2/2023,2865,Feb,2023,22
2/2/2023,2866,Feb,2023,20
3/2/2023,2867,Feb,2023,8
4/2/2023,2868,Feb,2023,10
5/2/2023,2869,Feb,2023,11
6/2/2023,2870,Feb,2023,11
7/2/2023,2871,Feb,2023,14
8/2/2023,2872,Feb,2023,13
10/2/2023,2873,Feb,2023,13
11/2/2023,2874,Feb,2023,10
12/2/2023,2875,Feb,2023,12
13/2/2023,2876,Feb,2023,14
14/2/2023,2877,Feb,2023,14
15/2/2023,2878,Feb,2023,12
16/2/2023,2879,Feb,2023,12
17/2/2023,2880,Feb,2023,16
18/2/2023,2881,Feb,2023,14
19/2/2023,2882,Feb,2023,18
20/2/2023,2883,Feb,2023,15
21/2/2023,2884,Feb,2023,15
22/2/2023,2885,Feb,2023,19
23/2/2023,2886,Feb,2023,21
24/2/2023,2887,Feb,2023,18
25/2/2023,2888,Feb,2023,20
26/2/2023,2889,Feb,2023,25
27/2/2023,2890,Feb,2023,31
28/2/2023,2891,Feb,2023,29
1/3/2023,2892,Mar,2023,28
2/3/2023,2893,Mar,2023,17
3/3/2023,2894,Mar,2023,15
4/3/2023,2895,Mar,2023,20
5/3/2023,2896,Mar,2023,23
6/3/2023,2897,Mar,2023,23
7/3/2023,2898,Mar,2023,30
8/3/2023,2899,Mar,2023,20
9/3/2023,2900,Mar,2023,18
10/3/2023,2901,Mar,2023,17
11/3/2023,2902,Mar,2023,21
12/3/2023,2903,Mar,2023,24
13/3/2023,2904,Mar,2023,24
14/3/2023,2905,Mar,2023,23
15/3/2023,2906,Mar,2023,24
16/3/2023,2907,Mar,2023,19
17/3/2023,2908,Mar,2023,15
18/3/2023,2909,Mar,2023,16
19/3/2023,2910,Mar,2023,16
20/3/2023,2911,Mar,2023,16
21/3/2023,2912,Mar,2023,14
22/3/2023,2913,Mar,2023,16
23/3/2023,2914,Mar,2023,16
24/3/2023,2915,Mar,2023,21
25/3/2023,2916,Mar,2023,17
26/3/2023,2917,Mar,2023,19
27/3/2023,2918,Mar,2023,21
28/3/2023,2919,Mar,2023,18
29/3/2023,2920,Mar,2023,14
30/3/2023,2921,Mar,2023,17
31/3/2023,2922,Mar,2023,23
1/4/2023,2923,Apr,2023,19
2/4/2023,2924,Apr,2023,21
3/4/2023,2925,Apr,2023,22
4/4/2023,2926,Apr,2023,20
5/4/2023,2927,Apr,2023,20
6/4/2023,2928,Apr,2023,20
7/4/2023,2929,Apr,2023,22
8/4/2023,2930,Apr,2023,21
9/4/2023,2931,Apr,2023,15
10/4/2023,2932,Apr,2023,23
11/4/2023,2933,Apr,2023,33
12/4/2023,2934,Apr,2023,36
13/4/2023,2935,Apr,2023,34
14/4/2023,2936,Apr,2023,33
15/4/2023,2937,Apr,2023,41
16/4/2023,2938,Apr,2023,38
17/4/2023,2939,Apr,2023,39
18/4/2023,2940,Apr,2023,39
19/4/2023,2941,Apr,2023,35
20/4/2023,2942,Apr,2023,33
21/4/2023,2943,Apr,2023,26
22/4/2023,2944,Apr,2023,26
23/4/2023,2945,Apr,2023,25
24/4/2023,2946,Apr,2023,21
25/4/2023,2947,Apr,2023,17
26/4/2023,2948,Apr,2023,18
27/4/2023,2949,Apr,2023,15
28/4/2023,2950,Apr,2023,21
29/4/2023,2951,Apr,2023,23
30/4/2023,2952,Apr,2023,20
1/5/2023,2953,May,2023,12
2/5/2023,2954,May,2023,12
3/5/2023,2955,May,2023,12
4/5/2023,2956,May,2023,17
5/5/2023,2957,May,2023,19
6/5/2023,2958,May,2023,17
7/5/2023,2959,May,2023,14
8/5/2023,2960,May,2023,15
9/5/2023,2961,May,2023,14
10/5/2023,2962,May,2023,12
11/5/2023,2963,May,2023,14
12/5/2023,2964,May,2023,16
13/5/2023,2965,May,2023,17
14/5/2023,2966,May,2023,20
15/5/2023,2967,May,2023,20
16/5/2023,2968,May,2023,15
17/5/2023,2969,May,2023,16
18/5/2023,2970,May,2023,13
19/5/2023,2971,May,2023,16
20/5/2023,2972,May,2023,14
21/5/2023,2973,May,2023,16
22/5/2023,2974,May,2023,17
23/5/2023,2975,May,2023,14
24/5/2023,2976,May,2023,17
25/5/2023,2977,May,2023,17
26/5/2023,2978,May,2023,15
27/5/2023,2979,May,2023,14
28/5/2023,2980,May,2023,14
29/5/2023,2981,May,2023,15
30/5/2023,2982,May,2023,14
31/5/2023,2983,May,2023,14
1/6/2023,2984,Jun,2023,12
2/6/2023,2985,Jun,2023,11.8
3/6/2023,2986,Jun,2023,12.6
4/6/2023,2987,Jun,2023,12.8
5/6/2023,2988,Jun,2023,14.5
6/6/2023,2989,Jun,2023,14.6
7/6/2023,2990,Jun,2023,14.7
8/6/2023,2991,Jun,2023,18.9
9/6/2023,2992,Jun,2023,23.1
10/6/2023,2993,Jun,2023,22.6
11/6/2023,2994,Jun,2023,20.9
12/6/2023,2995,Jun,2023,21.9
13/6/2023,2996,Jun,2023,23.9
14/6/2023,2997,Jun,2023,20.4
15/6/2023,2998,Jun,2023,19.8
16/6/2023,2999,Jun,2023,20.5
17/6/2023,3000,Jun,2023,18.8
18/6/2023,3001,Jun,2023,17.8
19/6/2023,3002,Jun,2023,18.8
20/6/2023,3003,Jun,2023,18
21/6/2023,3004,Jun,2023,22.1
22/6/2023,3005,Jun,2023,23.6
23/6/2023,3006,Jun,2023,22.8
24/6/2023,3007,Jun,2023,19.6
25/6/2023,3008,Jun,2023,17.1
26/6/2023,3009,Jun,2023,15.5
27/6/2023,3010,Jun,2023,13.7
28/6/2023,3011,Jun,2023,10.7
29/6/2023,3012,Jun,2023,11.3
30/6/2023,3013,Jun,2023,13.7
